name,state,city,tee,rating,slope,women_rating,women_slope,yardage,pars,sis
"Highlands Golf Club",WV,"","Championship",73.6,141,,,6796,"5 3 4 4 3 5 4 3 4 4 4 5 4 4 4 4 3 4","12 18 10 8 16 2 6 4 14 1 17 13 3 15 7 9 11 5"
"Highlands Golf Club",WV,"","Mens",71.2,136,,,6258,"5 3 4 4 3 5 4 3 4 4 4 5 4 4 4 4 3 4","12 18 10 8 16 2 6 4 14 1 17 13 3 15 7 9 11 5"
"Highlands Golf Club",WV,"","Senior",68.2,131,,,5666,"5 3 4 4 3 5 4 3 4 4 4 5 4 4 4 4 3 4","12 18 10 8 16 2 6 4 14 1 17 13 3 15 7 9 11 5"
"Highlands Golf Club",WV,"","Ladies",,,68.2,122,4680,"5 3 4 4 3 5 4 3 4 4 4 5 4 4 4 4 3 4","12 18 10 8 16 2 6 4 14 1 17 13 3 15 7 9 11 5"
"Lakeview Golf Resort and Spa Lakeview Course",WV,"Morgantown","Blue",73,139,,,6760,"4 4 4 3 5 4 5 3 4 4 4 3 4 5 4 3 4 5","13 7 3 11 9 1 5 17 15 8 12 16 10 6 4 18 14 2"
"Lakeview Golf Resort and Spa Lakeview Course",WV,"Morgantown","White",71.1,135,,,6357,"4 4 4 3 5 4 5 3 4 4 4 3 4 5 4 3 4 5","13 7 3 11 9 1 5 17 15 8 12 16 10 6 4 18 14 2"
"Lakeview Golf Resort and Spa Lakeview Course",WV,"Morgantown","Gold",68.2,129,,,5752,"4 4 4 3 5 4 5 3 4 4 4 3 4 5 4 3 4 5","13 7 3 11 9 1 5 17 15 8 12 16 10 6 4 18 14 2"
"Lakeview Golf Resort and Spa Lakeview Course",WV,"Morgantown","Red",,,71.9,124,5432,"4 4 4 3 5 4 5 3 4 4 4 3 4 5 4 3 4 5","13 7 3 11 9 1 5 17 15 8 12 16 10 6 4 18 14 2"
"Mountaineer Woodview Golf Course",WV,"","Blue",68.3,114,,,6066,"4 4 5 4 4 3 5 3 4 5 4 4 4 3 4 4 3 5","2 10 6 4 16 14 12 18 8 11 9 3 5 15 7 1 17 13"
"Mountaineer Woodview Golf Course",WV,"","White",66.7,108,,,5703,"4 4 5 4 4 3 5 3 4 5 4 4 4 3 4 4 3 5","2 10 6 4 16 14 12 18 8 11 9 3 5 15 7 1 17 13"
"Mountaineer Woodview Golf Course",WV,"","Gold",65.2,105,,,5324,"4 4 5 4 4 3 5 3 4 5 4 4 4 3 4 4 3 5","2 10 6 4 16 14 12 18 8 11 9 3 5 15 7 1 17 13"
"Mountaineer Woodview Golf Course",WV,"","Red",,,68.9,109,5107,"4 4 5 4 4 3 5 3 4 5 4 4 4 3 4 4 3 5","2 10 6 4 16 14 12 18 8 11 9 3 5 15 7 1 17 13"
"Clarksburg Country Club",WV,"Clarksburg","White",67.7,115,,,5721,"4 3 5 3 4 4 3 4 4 4 3 4 5 4 4 5 4 3","11 15 5 1 7 13 17 9 3 4 16 12 2 8 6 10 14 18"
"Clarksburg Country Club",WV,"Clarksburg","Gold",65.4,109,,,5153,"4 3 5 3 4 4 3 4 4 4 3 4 5 4 4 5 4 3","11 15 5 1 7 13 17 9 3 4 16 12 2 8 6 10 14 18"
"Clarksburg Country Club",WV,"Clarksburg","Red",63.6,104,67.2,105,4735,"4 3 5 3 4 4 3 4 4 4 3 4 5 4 4 5 4 3","11 15 5 1 7 13 17 9 3 4 16 12 2 8 6 10 14 18"
"Golf Club of West Virginia",WV,"Waverly","Blue",69.4,119,,,6018,"5 3 4 5 3 4 3 4 5 4 4 3 5 4 4 3 4 3","1 11 5 13 15 17 7 9 3 6 2 16 10 8 4 14 12 18"
"Golf Club of West Virginia",WV,"Waverly","White",67,116,,,5568,"5 3 4 5 3 4 3 4 5 4 4 3 5 4 4 3 4 3","1 11 5 13 15 17 7 9 3 6 2 16 10 8 4 14 12 18"
"Golf Club of West Virginia",WV,"Waverly","Gold",65.6,112,,,5205,"5 3 4 5 3 4 3 4 5 4 4 3 5 4 4 3 4 3","1 11 5 13 15 17 7 9 3 6 2 16 10 8 4 14 12 18"
"Golf Club of West Virginia",WV,"Waverly","Red",,,68.4,110,4946,"5 3 4 5 3 4 3 4 5 4 4 3 5 4 4 3 4 3","1 11 5 13 15 17 7 9 3 6 2 16 10 8 4 14 12 18"
"Twin Falls Resort State Park Golf Course",WV,"Mullens","Blue",71.8,136,,,6382,"5 4 4 3 4 3 4 4 5 4 3 5 4 3 5 4 3 4","3 13 15 17 9 5 1 11 7 4 18 8 16 14 6 2 10 12"
"Twin Falls Resort State Park Golf Course",WV,"Mullens","White",69.1,128,,,5978,"5 4 4 3 4 3 4 4 5 4 3 5 4 3 5 4 3 4","3 13 15 17 9 5 1 11 7 4 18 8 16 14 6 2 10 12"
"Twin Falls Resort State Park Golf Course",WV,"Mullens","Gold",67.4,124,,,5728,"5 4 4 3 4 3 4 4 5 4 3 5 4 3 5 4 3 4","3 13 15 17 9 5 1 11 7 4 18 8 16 14 6 2 10 12"
"Twin Falls Resort State Park Golf Course",WV,"Mullens","Orange",65.4,115,,,5294,"5 4 4 3 4 3 4 4 5 4 3 5 4 3 5 4 3 4","3 13 15 17 9 5 1 11 7 4 18 8 16 14 6 2 10 12"
"Twin Falls Resort State Park Golf Course",WV,"Mullens","Red",,,70.1,123,5202,"5 4 4 3 4 3 4 4 5 4 3 5 4 3 5 4 3 4","3 13 15 17 9 5 1 11 7 4 18 8 16 14 6 2 10 12"
"Fountain Springs Golf Course",WV,"","Blue",69.3,123,,,6157,"4 3 4 4 4 3 4 4 5 5 4 4 4 4 3 4 3 5","8 12 4 18 16 14 10 6 2 1 3 13 17 9 15 7 11 5"
"Fountain Springs Golf Course",WV,"","White",67.4,119,,,5752,"4 3 4 4 4 3 4 4 5 5 4 4 4 4 3 4 3 5","8 12 4 18 16 14 10 6 2 1 3 13 17 9 15 7 11 5"
"Fountain Springs Golf Course",WV,"","Yellow",65.2,114,,,5224,"4 3 4 4 4 3 4 4 5 5 4 4 4 4 3 4 3 5","8 12 4 18 16 14 10 6 2 1 3 13 17 9 15 7 11 5"
"Fountain Springs Golf Course",WV,"","Red",,,65.9,106,4478,"4 3 4 4 4 3 4 4 5 5 4 4 4 4 3 4 3 5","8 12 4 18 16 14 10 6 2 1 3 13 17 9 15 7 11 5"
"Alpine Lake Resort Golf Course",WV,"","White",69.9,123,,,6069,"4 5 3 5 4 3 5 3 4 3 5 4 4 3 5 4 5 3","18 16 12 14 4 2 10 6 8 9 7 1 17 15 5 13 3 11"
"Alpine Lake Resort Golf Course",WV,"","Gold",67.7,118,,,5562,"4 5 3 5 4 3 5 3 4 3 5 4 4 3 5 4 5 3","18 16 12 14 4 2 10 6 8 9 7 1 17 15 5 13 3 11"
"Alpine Lake Resort Golf Course",WV,"","Red",64.7,112,68.4,116,4889,"4 5 3 5 4 3 5 3 4 3 5 4 4 3 5 4 5 3","18 16 12 14 4 2 10 6 8 9 7 1 17 15 5 13 3 11"
"Mountaineer Golf",WV,"Morgantown","White",35.4,123,38.3,131,3284,"4 4 4 5 4 4 4 3 4","5 6 8 1 4 7 2 9 3"
"Mountaineer Golf",WV,"Morgantown","Gold",33.6,109,36.1,121,2884,"4 4 4 5 4 4 4 3 4","5 6 8 1 4 7 2 9 3"
"Mountaineer Golf",WV,"Morgantown","Red",32.1,101,34.3,114,2548,"4 4 4 5 4 4 4 3 4","5 6 8 1 4 7 2 9 3"
"Bel Meadow Country Club",WV,"Mount Clare","Black",73.9,135,,,7117,"4 5 3 4 4 5 3 4 4 5 4 4 5 3 4 3 4 4","10 12 18 8 16 4 6 2 14 5 13 15 3 17 9 7 1 11"
"Bel Meadow Country Club",WV,"Mount Clare","Blue",73,131,,,6582,"4 5 3 4 4 5 3 4 4 5 4 4 5 3 4 3 4 4","10 12 18 8 16 4 6 2 14 5 13 15 3 17 9 7 1 11"
"Bel Meadow Country Club",WV,"Mount Clare","White",70.9,129,,,6164,"4 5 3 4 4 5 3 4 4 5 4 4 5 3 4 3 4 4","10 12 18 8 16 4 6 2 14 5 13 15 3 17 9 7 1 11"
"Bel Meadow Country Club",WV,"Mount Clare","Gold",69.2,122,,,5707,"4 5 3 4 4 5 3 4 4 5 4 4 5 3 4 3 4 4","10 12 18 8 16 4 6 2 14 5 13 15 3 17 9 7 1 11"
"Bel Meadow Country Club",WV,"Mount Clare","Red",63.5,105,68.8,123,4868,"4 5 3 4 4 5 3 4 4 5 4 4 5 3 4 3 4 4","10 12 18 8 16 4 6 2 14 5 13 15 3 17 9 7 1 11"
"South Hills Golf Club",WV,"","Black",69.6,119,,,6389,"4 4 5 4 3 4 4 3 4 4 5 3 4 4 4 3 4 5","13 11 7 17 15 5 9 1 3 8 4 18 2 14 6 16 12 10"
"South Hills Golf Club",WV,"","White",67.5,115,,,5921,"4 4 5 4 3 4 4 3 4 4 5 3 4 4 4 3 4 5","13 11 7 17 15 5 9 1 3 8 4 18 2 14 6 16 12 10"
"South Hills Golf Club",WV,"","Yellow",,,65.2,109,5024,"4 4 5 4 3 4 4 3 4 4 5 3 4 4 4 3 4 5","13 11 7 17 15 5 9 1 3 8 4 18 2 14 6 16 12 10"
"The Woods Resort Mountain View Course",WV,"Hedgesville","Blue",72,125,,,6621,"4 4 3 5 4 4 5 4 3 4 3 4 3 4 5 4 4 5","11 5 17 9 7 13 1 3 15 16 12 4 18 8 2 14 10 6"
"The Woods Resort Mountain View Course",WV,"Hedgesville","Blue/White",70,121,,,6327,"4 4 3 5 4 4 5 4 3 4 3 4 3 4 5 4 4 5","11 5 17 9 7 13 1 3 15 16 12 4 18 8 2 14 10 6"
"The Woods Resort Mountain View Course",WV,"Hedgesville","White",68.5,119,,,6041,"4 4 3 5 4 4 5 4 3 4 3 4 3 4 5 4 4 5","11 5 17 9 7 13 1 3 15 16 12 4 18 8 2 14 10 6"
"The Woods Resort Mountain View Course",WV,"Hedgesville","White/Green",67.2,116,,,5682,"4 4 3 5 4 4 5 4 3 4 3 4 3 4 5 4 4 5","11 5 17 9 7 13 1 3 15 16 12 4 18 8 2 14 10 6"
"The Woods Resort Mountain View Course",WV,"Hedgesville","Green",65.8,116,70.7,122,5442,"4 4 3 5 4 4 5 4 3 4 3 4 3 4 5 4 4 5","11 5 17 9 7 13 1 3 15 16 12 4 18 8 2 14 10 6"
"The Woods Resort Mountain View Course",WV,"Hedgesville","Gold",63.8,111,67.9,118,4938,"4 4 3 5 4 4 5 4 3 4 3 4 3 4 5 4 4 5","11 5 17 9 7 13 1 3 15 16 12 4 18 8 2 14 10 6"
"Preston Country Club Golf Course",WV,"Kingwood","Blue",73.8,130,,,7001,"4 4 3 5 4 4 4 5 3 5 3 4 4 5 4 4 4 3","4 6 10 2 18 16 12 8 14 9 15 5 1 17 7 11 3 13"
"Preston Country Club Golf Course",WV,"Kingwood","White",72,128,,,6582,"4 4 3 5 4 4 4 5 3 5 3 4 4 5 4 4 4 3","4 6 10 2 18 16 12 8 14 9 15 5 1 17 7 11 3 13"
"Preston Country Club Golf Course",WV,"Kingwood","Gold",68.2,120,,,5844,"4 4 3 5 4 4 4 5 3 5 3 4 4 5 4 4 4 3","4 6 10 2 18 16 12 8 14 9 15 5 1 17 7 11 3 13"
"Preston Country Club Golf Course",WV,"Kingwood","Red",65.7,107,70.8,121,5398,"4 4 3 5 4 4 4 5 3 5 3 4 4 5 4 4 4 3","4 6 10 2 18 16 12 8 14 9 15 5 1 17 7 11 3 13"
"Green Hills Country Club",WV,"Fairmont","Blue",70.4,122,,,6223,"4 3 5 4 4 4 3 5 3 4 4 3 4 3 5 4 3 5","2 4 8 12 14 6 18 10 16 11 1 13 17 7 3 5 15 9"
"Green Hills Country Club",WV,"Fairmont","White",68.5,119,,,5865,"4 3 5 4 4 4 3 5 3 4 4 3 4 3 5 4 3 5","2 4 8 12 14 6 18 10 16 11 1 13 17 7 3 5 15 9"
"Green Hills Country Club",WV,"Fairmont","Gold",66,116,70.4,119,5307,"4 3 5 4 4 4 3 5 3 4 4 3 4 3 5 4 3 5","2 4 8 12 14 6 18 10 16 11 1 13 17 7 3 5 15 9"
"Green Hills Country Club",WV,"Fairmont","Red",,,68.3,109,4820,"4 3 5 4 4 4 3 5 3 4 4 3 4 3 5 4 3 5","2 4 8 12 14 6 18 10 16 11 1 13 17 7 3 5 15 9"
"Green Hills Country Club",WV,"Fairmont","Silver",61.4,104,,,4341,"4 3 5 4 4 4 3 5 3 4 4 3 4 3 5 4 3 5","2 4 8 12 14 6 18 10 16 11 1 13 17 7 3 5 15 9"
"Hide A Way Golf Course",WV,"","Blue",33.6,113,34.1,115,2984,"4 4 3 5 4 4 4 3 4","9 3 4 1 2 5 6 7 8"
"Lewisburg Elks Country Club",WV,"Lewisburg","Blue",67.2,115,,,5633,"3 5 4 3 3 4 4 4 4 4 3 4 4 3 4 5 5 4","18 4 8 12 2 10 14 6 16 15 1 13 9 11 5 7 17 3"
"Lewisburg Elks Country Club",WV,"Lewisburg","White",64.3,111,69.1,119,5052,"3 5 4 3 3 4 4 4 4 4 3 4 4 3 4 5 5 4","18 4 8 12 2 10 14 6 16 15 1 13 9 11 5 7 17 3"
"Lewisburg Elks Country Club",WV,"Lewisburg","Red",60.9,104,64.9,105,4319,"3 5 4 3 3 4 4 4 4 4 3 4 4 3 4 5 5 4","18 4 8 12 2 10 14 6 16 15 1 13 9 11 5 7 17 3"
"The Woods Resort Stony Lick Course",WV,"Hedgesville","White",59.9,97,60.9,93,3700,"3 3 4 3 3 3 4 4 4 4 3 4 4 4 3 3 3 3","5 17 13 7 3 15 9 1 11 6 16 14 2 10 4 18 8 12"
"The Woods Resort Stony Lick Course",WV,"Hedgesville","Green",58.8,92,59.5,95,3482,"3 3 4 3 3 3 4 4 4 4 3 4 4 4 3 3 3 3","5 17 13 7 3 15 9 1 11 6 16 14 2 10 4 18 8 12"
"The Woods Resort Stony Lick Course",WV,"Hedgesville","Gold",56.4,87,56.9,91,3018,"3 3 4 3 3 3 4 4 4 4 3 4 4 4 3 3 3 3","5 17 13 7 3 15 9 1 11 6 16 14 2 10 4 18 8 12"
"Tygart Lake Golf Course",WV,"Grafton","Blue",70.3,124,,,6299,"5 4 3 5 3 5 3 4 5 3 4 4 3 5 3 4 5 4","12 6 8 10 16 2 14 4 18 13 3 1 7 5 11 17 9 15"
"Tygart Lake Golf Course",WV,"Grafton","White",68.7,119,,,5950,"5 4 3 5 3 5 3 4 5 3 4 4 3 5 3 4 5 4","12 6 8 10 16 2 14 4 18 13 3 1 7 5 11 17 9 15"
"Tygart Lake Golf Course",WV,"Grafton","Gold",65.1,113,,,5305,"5 4 3 5 3 5 3 4 5 3 4 4 3 5 3 4 5 4","12 6 8 10 16 2 14 4 18 13 3 1 7 5 11 17 9 15"
"Tygart Lake Golf Course",WV,"Grafton","Red",,,69.3,117,5119,"5 4 3 5 3 5 3 4 5 3 4 4 3 5 3 4 5 4","12 6 8 10 16 2 14 4 18 13 3 1 7 5 11 17 9 15"
"Clear Fork Valley Golf Course",WV,"","Blue",65.3,96,,,5953,"4 3 4 3 5 3 4 4 5 4 4 4 3 4 3 5 4 4","6 15 8 10 16 18 11 1 12 14 9 7 13 3 2 5 17 4"
"Clear Fork Valley Golf Course",WV,"","White",63.3,94,,,5676,"4 3 4 3 5 3 4 4 5 4 4 4 3 4 3 5 4 4","6 15 8 10 16 18 11 1 12 14 9 7 13 3 2 5 17 4"
"Clear Fork Valley Golf Course",WV,"","Red",,,67.1,109,4932,"4 3 4 3 5 3 4 4 5 4 4 4 3 4 3 5 4 4","6 15 8 10 16 18 11 1 12 14 9 7 13 3 2 5 17 4"
"Locust Hill Golf Course",WV,"Charles Town","Black",73.8,140,,,6930,"4 5 4 4 3 4 3 5 4 4 4 3 5 4 4 3 5 4","5 1 7 3 15 17 11 9 13 18 2 14 10 8 4 12 16 6"
"Locust Hill Golf Course",WV,"Charles Town","White",71.4,131,,,6394,"4 5 4 4 3 4 3 5 4 4 4 3 5 4 4 3 5 4","5 1 7 3 15 17 11 9 13 18 2 14 10 8 4 12 16 6"
"Locust Hill Golf Course",WV,"Charles Town","Gray",68.6,125,,,5772,"4 5 4 4 3 4 3 5 4 4 4 3 5 4 4 3 5 4","5 1 7 3 15 17 11 9 13 18 2 14 10 8 4 12 16 6"
"Locust Hill Golf Course",WV,"Charles Town","Red",65.5,118,70.4,121,5112,"4 5 4 4 3 4 3 5 4 4 4 3 5 4 4 3 5 4","5 1 7 3 15 17 11 9 13 18 2 14 10 8 4 12 16 6"
"Lakeview Golf Resort and Spa Mountainview Course",WV,"Morgantown","Blue",71.2,131,,,6447,"4 4 5 3 4 3 4 4 5 4 4 5 4 3 4 4 3 5","5 11 1 17 13 15 9 7 3 8 16 2 12 18 4 10 14 6"
"Lakeview Golf Resort and Spa Mountainview Course",WV,"Morgantown","White",69.8,128,,,6152,"4 4 5 3 4 3 4 4 5 4 4 5 4 3 4 4 3 5","5 11 1 17 13 15 9 7 3 8 16 2 12 18 4 10 14 6"
"Lakeview Golf Resort and Spa Mountainview Course",WV,"Morgantown","Gold",68.6,116,,,5792,"4 4 5 3 4 3 4 4 5 4 4 5 4 3 4 4 3 5","5 11 1 17 13 15 9 7 3 8 16 2 12 18 4 10 14 6"
"Lakeview Golf Resort and Spa Mountainview Course",WV,"Morgantown","Red",,,71.4,119,5385,"4 4 5 3 4 3 4 4 5 4 4 5 4 3 4 4 3 5","5 11 1 17 13 15 9 7 3 8 16 2 12 18 4 10 14 6"
"Logan Country Club Golf Course",WV,"","Mens",36.1,113,,,2732,"4 4 3 3 5 4 4 4 4","0 0 0 0 0 0 0 0 0"
"Logan Country Club Golf Course",WV,"","Ladies",,,36.1,113,2732,"4 4 3 3 5 4 4 4 4","0 0 0 0 0 0 0 0 0"
"Hawks Nest State Park Golf Course",WV,"","Mens",36.1,113,,,2903,"5 4 3 4 4 4 5 3 4","1 2 3 4 5 6 7 8 9"
"Hawks Nest State Park Golf Course",WV,"","Ladies",,,36.1,113,2557,"5 4 3 4 4 4 5 3 4","1 2 3 4 5 6 7 8 9"
"Riverview Country Club",WV,"Madison","Blue",67.8,114,,,6069,"5 4 4 5 4 4 3 4 3 3 5 4 4 4 3 4 4 3","7 3 5 1 9 13 11 15 17 12 6 18 8 10 16 4 2 14"
"Riverview Country Club",WV,"Madison","White",65.7,110,,,5616,"5 4 4 5 4 4 3 4 3 3 5 4 4 4 3 4 4 3","7 3 5 1 9 13 11 15 17 12 6 18 8 10 16 4 2 14"
"Riverview Country Club",WV,"Madison","Red",,,69.3,116,5069,"5 4 4 5 4 4 3 4 3 3 5 4 4 4 3 4 4 3","7 3 5 1 9 13 11 15 17 12 6 18 8 10 16 4 2 14"
"Pleasant Hills Golf Course",WV,"","Mens",34.6,117,,,2777,"3 4 4 4 5 4 4 3 5","1 2 3 4 5 6 7 8 9"
"Pleasant Hills Golf Course",WV,"","Ladies",,,35.1,119,2777,"3 4 4 4 5 4 4 3 5","1 2 3 4 5 6 7 8 9"
"White Oak Country Club",WV,"Oak Hill","Blue",33.6,113,,,2903,"5 3 5 4 4 3 4 3 4","3 5 1 2 6 8 4 9 7"
"White Oak Country Club",WV,"Oak Hill","White",33,112,,,2777,"5 3 5 4 4 3 4 3 4","3 5 1 2 6 8 4 9 7"
"White Oak Country Club",WV,"Oak Hill","Red",,,32.1,105,2373,"5 3 5 4 4 3 4 3 4","3 5 1 2 6 8 4 9 7"
"Sleepy Hollow Golf and Country Club",WV,"Charles Town","Blue",74.2,120,,,6970,"5 4 4 3 4 3 5 4 4 4 3 4 4 4 5 4 3 5","16 2 12 8 10 18 14 4 6 13 5 15 7 1 17 3 11 9"
"Sleepy Hollow Golf and Country Club",WV,"Charles Town","White",70.8,115,,,6429,"5 4 4 3 4 3 5 4 4 4 3 4 4 4 5 4 3 5","16 2 12 8 10 18 14 4 6 13 5 15 7 1 17 3 11 9"
"Sleepy Hollow Golf and Country Club",WV,"Charles Town","Gold",67,109,73.6,119,5651,"5 4 4 3 4 3 5 4 4 4 3 4 4 4 5 4 3 5","16 2 12 8 10 18 14 4 6 13 5 15 7 1 17 3 11 9"
"Sleepy Hollow Golf and Country Club",WV,"Charles Town","Red",,,72.3,114,5576,"5 4 4 3 4 3 5 4 4 4 3 4 4 4 5 4 3 5","16 2 12 8 10 18 14 4 6 13 5 15 7 1 17 3 11 9"
"Woodbrier Golf Course",WV,"Martinsburg","White",34.1,114,,,2533,"4 4 4 3 4 5 4 4 3","16 18 8 6 14 4 12 2 9"
"Woodbrier Golf Course",WV,"Martinsburg","Red",,,33,111,2533,"4 4 4 3 4 5 4 4 3","16 18 8 6 14 4 12 2 9"
"Barbour Country Club Golf Course",WV,"Philippi","White to Blue",34.3,116,36.3,127,2891,"4 4 3 5 4 4 4 3 4","6 3 8 1 2 7 5 9 4"
"Barbour Country Club Golf Course",WV,"Philippi","Gold",31.9,106,34.4,119,2530,"4 4 3 5 4 4 4 3 4","6 3 8 1 2 7 5 9 4"
"Barbour Country Club Golf Course",WV,"Philippi","Red",33.4,114,33.6,111,2389,"4 4 3 5 4 4 4 3 4","6 3 8 1 2 7 5 9 4"
"Sistersville Country Club Golf Course",WV,"Sistersville","White",34.5,117,,,3074,"3 4 5 3 4 4 4 4 4","15 9 1 17 11 7 5 3 13"
"Sistersville Country Club Golf Course",WV,"Sistersville","Red",,,36,119,2815,"3 4 5 3 4 4 4 4 4","15 9 1 17 11 7 5 3 13"
"Valley View Country Club",WV,"White Sulphur Springs","Blue",35.3,123,,,3446,"4 4 4 3 5 4 3 5 4",""
"Valley View Country Club",WV,"White Sulphur Springs","White",33.5,119,,,3180,"4 4 4 3 5 4 3 5 4",""
"Valley View Country Club",WV,"White Sulphur Springs","Red",,,34.9,117,2710,"4 4 4 3 5 4 3 5 4",""
"Stonebridge Golf Club",WV,"Martinsburg","Blue",34.9,119,,,3127,"4 4 3 5 5 4 4 4 3",""
"Stonebridge Golf Club",WV,"Martinsburg","White",33.9,114,,,2922,"4 4 3 5 5 4 4 4 3",""
"Stonebridge Golf Club",WV,"Martinsburg","Red",,,34.3,116,2528,"4 4 3 5 5 4 4 4 3",""
"Holly Meadows Golf Course",WV,"Parsons","White",36.1,124,36.9,130,2997,"4 5 4 4 5 3 3 4 4","5 3 6 2 1 9 4 7 8"
"Holly Meadows Golf Course",WV,"Parsons","Red",35.4,121,36,126,2833,"4 5 4 4 5 3 3 4 4","5 3 6 2 1 9 4 7 8"
"North Bend Golf Course",WV,"Harrisville","Blue",32.2,102,,,2768,"4 5 3 4 3 4 5 4 4",""
"North Bend Golf Course",WV,"Harrisville","White",32.1,101,,,2607,"4 5 3 4 3 4 5 4 4",""
"North Bend Golf Course",WV,"Harrisville","Red",,,32.3,99,2225,"4 5 3 4 3 4 5 4 4",""
"Pocahontas Country Club",WV,"Marlinton","White",34.0,103,,,3090,"4 3 5 4 3 5 4 4 4",""
"Pocahontas Country Club",WV,"Marlinton","Red",,,34.4,107,2606,"4 3 5 4 3 5 4 4 4",""
"Willow Wood Country Club",WV,"Hinton","White",34.3,114,,,2988,"4 4 4 3 3 4 5 5 4",""
"Willow Wood Country Club",WV,"Hinton","Red",,,33.1,104,,"4 4 4 3 3 4 5 5 4",""
"Grandview Country Club Golf Course",WV,"Beaver","Blue",36,132,,,3417,"4 4 4 5 4 5 3 4 3",""
"Grandview Country Club Golf Course",WV,"Beaver","White",35,124,,,3105,"4 4 4 5 4 5 3 4 3",""
"Mill Creek Country Club Golf Course",WV,"Burlington","Back",33.5,106,,,3240,"4 4 3 3 4 5 4 3 5",""
"Paradise Lake Golf Course",WV,"Morgantown","White",33.1,107,,,2502,"4 4 3 4 3 4 4 5 3","4 2 7 3 8 1 9 6 5"
"Paradise Lake Golf Course",WV,"Morgantown","Blue",31.6,107,,,2451,"4 4 3 4 3 4 4 5 3","4 2 7 3 8 1 9 6 5"
"Paradise Lake Golf Course",WV,"Morgantown","Red",,,35.5,107,2191,"4 4 3 4 3 4 4 5 3","4 2 7 3 8 1 9 6 5"
"Roane County Country Club",WV,"Spencer","Blue",34,122,,,3509,"5 4 4 3 4 5 4 4 3",""
"Roane County Country Club",WV,"Spencer","Gold",33.5,111,,,3065,"5 4 4 3 4 5 4 4 3",""
"Roane County Country Club",WV,"Spencer","White",32.5,105,,,2881,"5 4 4 3 4 5 4 4 3",""
"Roane County Country Club",WV,"Spencer","Red",,,32.7,108,2252,"5 4 4 3 4 5 4 4 3",""
"Cherry Hill Country Club",WV,"Richwood","Red/White",34.4,119,37.1,130,3034,"4 4 4 4 5 4 3 4 3","4 6 2 1 5 7 3 8 9"
"Cherry Hill Country Club",WV,"Richwood","Silver",32.8,117,36.6,128,2943,"4 4 4 4 5 4 3 4 3","4 6 2 1 5 7 3 8 9"
"Cherry Hill Country Club",WV,"Richwood","Yellow",33.3,114,33.7,113,2367,"4 4 4 4 5 4 3 4 3","4 6 2 1 5 7 3 8 9"
"Bluefield Elks Club Golf Course",WV,"Bluefield","Blue",35.1,114,35.7,121,2776,"4 3 4 4 4 4 3 5 4","17 3 7 9 5 1 15 11 13"
"Bluefield Elks Club Golf Course",WV,"Bluefield","Red",33.4,107,33.8,114,2411,"4 3 4 4 4 4 3 5 4","17 3 7 9 5 1 15 11 13"
"Black Knight Golf Course",WV,"Beckley","White",34.6,120,,,3108,"4 3 4 5 4 3 5 4 4","6 16 8 10 4 18 2 14 12"
"Black Knight Golf Course",WV,"Beckley","Red",,,34.7,120,2506,"4 3 4 5 4 3 5 4 4","6 16 8 10 4 18 2 14 12"
"Glenville Golf Club",WV,"Glenville","White/Blue",33.0,122,36.1,122,2840,"4 4 3 3 4 5 4 4 4","9 1 2 8 5 7 3 6 4"
"Glenville Golf Club",WV,"Glenville","White",34.5,111,35.0,118,2639,"4 4 3 3 4 5 4 4 4","9 1 2 8 5 7 3 6 4"
"Glenville Golf Club",WV,"Glenville","Red",33.0,105,33.7,118,2321,"4 4 3 3 4 5 4 4 4","9 1 2 8 5 7 3 6 4"
"Elks Golf Course",WV,"Elkins","Blue",34.4,122,,,3061,"5 4 3 4 4 4 5 3 4",""
"Elks Golf Course",WV,"Elkins","White",34.4,113,,,2634,"5 4 3 4 4 4 5 3 4",""
"Polish Pines Country Club Golf Course",WV,"Keyser","Blue",33,108,35.6,124,2752,"4 3 4 4 5 4 5 3 4","4 9 3 2 6 1 7 8 5"
"Polish Pines Country Club Golf Course",WV,"Keyser","White",32.4,103,34.3,118,2515,"4 3 4 4 5 4 5 3 4","4 9 3 2 6 1 7 8 5"
"Polish Pines Country Club Golf Course",WV,"Keyser","Red",33,113,,,2327,"4 3 4 4 5 4 5 3 4","4 9 3 2 6 1 7 8 5"
"Brooke Hills Park Golf Course",WV,"Wellsburg","Gold",52.1,87,,,2513,"3 3 3 3 3 3 3 3 3 3 3 3 3 3 3 3 3 3","7 13 4 3 17 11 10 2 18 1 15 8 14 5 9 16 6 12"
"Brooke Hills Park Golf Course",WV,"Wellsburg","Blue",51.0,86,,,2420,"3 3 3 3 3 3 3 3 3 3 3 3 3 3 3 3 3 3","7 13 4 3 17 11 10 2 18 1 15 8 14 5 9 16 6 12"
"Brooke Hills Park Golf Course",WV,"Wellsburg","White",50.2,89,53.2,,2330,"3 3 3 3 3 3 3 3 3 3 3 3 3 3 3 3 3 3","7 13 4 3 17 11 10 2 18 1 15 8 14 5 9 16 6 12"
"Brooke Hills Park Golf Course",WV,"Wellsburg","Red",,,51.9,88,2240,"3 3 3 3 3 3 3 3 3 3 3 3 3 3 3 3 3 3","7 13 4 3 17 11 10 2 18 1 15 8 14 5 9 16 6 12"
"Apple Valley Country Club Golf Course",WV,"Whitehall","Blue",36.6,112,,,3602,"4 5 5 3 4 5 4 5 3",""
"Apple Valley Country Club Golf Course",WV,"Whitehall","White",36,107,,,3436,"4 5 5 3 4 5 4 5 3",""
"Apple Valley Country Club Golf Course",WV,"Whitehall","Gold",33.1,101,,,2873,"4 5 5 3 4 5 4 5 3",""
"Apple Valley Country Club Golf Course",WV,"Whitehall","Red",,,35.4,104,2676,"4 5 5 3 4 5 4 5 3",""
"Sunny Croft Country Club",WV,"Clarksburg","White/Blue",34,109,37.8,134,2799,"4 5 5 3 4 4 3 4 3","9 2 3 4 6 5 8 1 7"
"Sunny Croft Country Club",WV,"Clarksburg","Gold/Silver",33.6,106,37.4,132,2432,"4 5 5 3 4 4 3 4 3","9 2 3 4 6 5 8 1 7"
"Sunny Croft Country Club",WV,"Clarksburg","Pink/Red",32.1,101,35,121,2239,"4 5 5 3 4 4 3 4 3","9 2 3 4 6 5 8 1 7"
"Saint Marys Golf Club",WV,"Saint Marys","White",31.8,100,,,2404,"4 3 4 3 4 3 4 4 3","5 13 1 15 3 17 7 9 11"
"Saint Marys Golf Club",WV,"Saint Marys","Red",,,33.0,101,2175,"4 3 4 3 4 3 4 4 3","5 13 1 15 3 17 7 9 11"
"Greenbrier Hills Golf Club",WV,"Rainelle","White",32.5,123,,,2631,"5 4 4 3 3 4 4 3 5","7 5 13 3 11 9 15 17 1"
"Greenbrier Hills Golf Club",WV,"Rainelle","Red",32.9,113,,,2390,"5 4 4 3 3 4 4 3 5","7 5 13 3 11 9 15 17 1"
"The Greenbrier - Greenbrier Course",WV,"White Sulphur Springs","Gold",72.5,132,,,6655,"",""
"The Greenbrier - Greenbrier Course",WV,"White Sulphur Springs","Blue",71.5,129,,,6377,"",""
"The Greenbrier - Greenbrier Course",WV,"White Sulphur Springs","White",68.9,119,75.4,133,6003,"",""
"The Greenbrier - Greenbrier Course",WV,"White Sulphur Springs","Green",65.5,115,70.6,118,5057,"",""
"Princeton Elks Country Club Golf Course",WV,"Princeton","Blue",35.2,130,,,3193,"4 4 3 5 3 5 4 4 4",""
"Princeton Elks Country Club Golf Course",WV,"Princeton","White",34,116,,,3036,"4 4 3 5 3 5 4 4 4",""
"Princeton Elks Country Club Golf Course",WV,"Princeton","Gold",32.5,119,,,2617,"4 4 3 5 3 5 4 4 4",""
"Princeton Elks Country Club Golf Course",WV,"Princeton","Red",,,34.7,108,2169,"4 4 3 5 3 5 4 4 4",""
"Deerfield Country Club Golf Course",WV,"Weston","Blue",36.5,120,,,3405,"",""
"Deerfield Country Club Golf Course",WV,"Weston","White",35.2,116,,,3208,"",""
"Deerfield Country Club Golf Course",WV,"Weston","Red",,,35.2,114,2827,"",""
"Black Wolf Links Golf Course",WV,"Anawalt","Back",63.7,109,63.8,108,4124,"4 4 3 3 4 3 3 3 4 4 4 3 3 4 3 3 3 4",""
"Black Wolf Links Golf Course",WV,"Anawalt","Forward",63.0,107,63.0,106,3976,"4 4 3 3 4 3 3 3 4 4 4 3 3 4 3 3 3 4",""
"Orchard Hills Golf Club",WV,"Barboursville","Men",34.5,112,,,2864,"4 4 3 5 3 4 3 4 5",""
"Orchard Hills Golf Club",WV,"Barboursville","Red",,,34.9,115,2512,"",""
"Capon Springs and Farms Golf Course",WV,"Capon Springs","Blue",32.1,110,34.4,112,2913,"",""
"Capon Springs and Farms Golf Course",WV,"Capon Springs","Red",30.0,100,33.1,102,2304,"",""