name,state,reason
"Desert Trails Golf Course",CA,par3-exec-noncourse
"Emerald Isle Golf Course",CA,par3-exec-noncourse
"Antelope Greens Golf Course",CA,par3-exec-noncourse
"Bell Gardens Golf Course",CA,par3-exec-noncourse
"Reidy Creek Golf Course",CA,par3-exec-noncourse
"Shadow Hills Golf Club - North Course",CA,par3-exec-noncourse
"Sunken Gardens Golf Course",CA,par3-exec-noncourse
"Colton Golf Course",CA,par3-exec-noncourse
"The Hay",CA,par3-exec-noncourse
"Date Palm Country Club",CA,par3-exec-noncourse
"Mission Hills Golf Course",CA,par3-exec-noncourse
"Pismo State Beach Golf Course",CA,par3-exec-noncourse
"Palos Verdes Shores Golf Course",CA,par3-exec-noncourse
"Monterey Park Golf Club",CA,par3-exec-noncourse
"Valley Gardens Golf Course",CA,par3-exec-noncourse
"Seven Lakes Country Club",CA,par3-exec-noncourse
"Bijou Municipal Golf Course",CA,par3-exec-noncourse
"Friendly Valley Golf Course",CA,par3-exec-noncourse
"Tecolote Canyon Golf Course",CA,par3-exec-noncourse
"Hidden Oaks Country Club",CA,par3-exec-noncourse
"Pebble Beach Golf Course",CA,par3-exec-noncourse
"Hidden Springs Golf Course",CA,par3-exec-noncourse
"Lake San Marcos Executive Golf Course",CA,par3-exec-noncourse
"J B Golf Course",CA,par3-exec-noncourse
"Gator Creek Golf",CA,par3-exec-noncourse
"RoadRunner Golf & Country Club (Borrego)",CA,par3-exec-noncourse
"Laguna Lake Golf Course",CA,par3-exec-noncourse
"Swallows Nest Country Club",CA,par3-exec-noncourse
"Leisure World Seal Beach",CA,par3-exec-noncourse
"Indian Camp Golf Course",CA,par3-exec-noncourse
"Executive Course",CA,par3-exec-noncourse
"Presidio Hills Golf Course",CA,par3-exec-noncourse
"Iron-Wood Nine Golf Course",CA,par3-exec-noncourse
"Rancho Sierra Golf Course",CA,par3-exec-noncourse
"The Lakes at El Segundo",CA,par3-exec-noncourse
"South Gate Golf Course",CA,par3-exec-noncourse
"Portola Country Club",CA,par3-exec-noncourse
"Outdoor Resort Indio",CA,par3-exec-noncourse
"Heartwell Golf Course",CA,par3-exec-noncourse
"Colina Park Golf Course",CA,par3-exec-noncourse
"Motorcoach Country Club",CA,par3-exec-noncourse
"Pruneridge Golf Club",CA,par3-exec-noncourse
"Blackberry Farm Golf Course",CA,par3-exec-noncourse
"Gavilan Golf Course",CA,par3-exec-noncourse
"Bradshaw Ranch Golf Course",CA,par3-exec-noncourse
"Mission Hills of Hayward Golf Course",CA,par3-exec-noncourse
"Delano Public Golf Course",CA,par3-exec-noncourse
"Lomas Santa Fe Executive Golf Course",CA,par3-exec-noncourse
"Golden Gate Park Golf Course",CA,par3-exec-noncourse
"Buchanan Fields Golf Course",CA,par3-exec-noncourse
"Van Nuys Golf Course",CA,par3-exec-noncourse
"Heroes Golf Course",CA,par3-exec-noncourse
"Ocean Hills Country Club",CA,par3-exec-noncourse
"Outdoor Resort Palm Springs",CA,par3-exec-noncourse
"Recreation Park 9 Golf Course",CA,par3-exec-noncourse
"Arroyo Fairways Mobile Home Club",CA,par3-exec-noncourse
"Emerald Hills Golf Course",CA,par3-exec-noncourse
"Rancho Carlsbad Golf Course",CA,par3-exec-noncourse
"Twin Lakes Golf Course",CA,par3-exec-noncourse
"Brea Creek Golf Course",CA,par3-exec-noncourse
"Strata Court",CA,par3-exec-noncourse
"Oakmoore Golf Course",CA,par3-exec-noncourse
"Sinaloa Golf Course",CA,par3-exec-noncourse
"Panorama Golf Course",CA,par3-exec-noncourse
"Maggie Hathaway Golf Course",CA,par3-exec-noncourse
"Arroyo Seco Golf Course",CA,par3-exec-noncourse
"Lake Redding Golf Course",CA,par3-exec-noncourse
"Santa Teresa Golf Club Short Course",CA,par3-exec-noncourse
"The Loma Club",CA,par3-exec-noncourse
"Twain Harte Golf Course",CA,par3-exec-noncourse
"Pico Rivera Golf Club",CA,par3-exec-noncourse
"Fairgrounds Golf Course",CA,par3-exec-noncourse
"Pleasanton Golf Center",CA,par3-exec-noncourse
"Rancho Del Pueblo Golf Course",CA,par3-exec-noncourse
"Rancho Park 3 Par Course",CA,par3-exec-noncourse
"Belmont Pines Golf Course",CA,par3-exec-noncourse
"Club Circle Golf Course",CA,par3-exec-noncourse
"Sunset Ridge Golf Course",CA,par3-exec-noncourse
"Escalon Golf Course",CA,par3-exec-noncourse
"Westdrift Golf",CA,par3-exec-noncourse
"Palm Royale Country Club",CA,par3-exec-noncourse
"Twin Creeks Golf Course",CA,par3-exec-noncourse
"Desert Crest Country Club",CA,par3-exec-noncourse
"Grayson Woods Golf Course",CA,par3-exec-noncourse
"Rancho Duarte Golf Course",CA,par3-exec-noncourse
"Boulder Creek Golf & Country Club",CA,par3-exec-noncourse
"Bixby Village Golf Course",CA,par3-exec-noncourse
"McInnis Golf Course",CA,par3-exec-noncourse
"Sierra La Verne Country Club",CA,par3-exec-noncourse
"Lake Lindero Golf Course",CA,par3-exec-noncourse
"Highland Palms Golf Course",CA,par3-exec-noncourse
"Vineyard Knolls",CA,par3-exec-noncourse
"Zaca Creek Golf Course",CA,par3-exec-noncourse
"Exeter Golf Course",CA,par3-exec-noncourse
"Canyon Estates Golf Course",CA,par3-exec-noncourse
"Bethel Island Golf Course",CA,par3-exec-noncourse
"Campus Commons Golf Course",CA,par3-exec-noncourse
"Southridge Golf Course",CA,par3-exec-noncourse
"Montclair Golf Course",CA,par3-exec-noncourse
"Hawk’s Landing Golf Club",CA,par3-exec-noncourse
"Mission Bay Golf Course and Practice Center",CA,par3-exec-noncourse
"Suncrest County Club",CA,par3-exec-noncourse
"Brooktrails Golf Course",CA,par3-exec-noncourse
"Villa Parke Golf Course - 9 holes",CA,par3-exec-noncourse
"Feather River Inn",CA,par3-exec-noncourse
"Wikiup Golf Course",CA,par3-exec-noncourse
"French Camp RV Park & Golf Course",CA,par3-exec-noncourse
"Venetian Gardens Golf Course",CA,par3-exec-noncourse
"Yurok Golf Club",CA,par3-exec-noncourse
"18 Hole Groomed Putting Course",CA,par3-exec-noncourse
"Taylormade "The Kingdom" Test Course",CA,par3-exec-noncourse
"Callaway Golf Test Course",CA,par3-exec-noncourse
"Rancho Monserate Country Club",CA,par3-exec-noncourse
"Indio Municipal Golf Course",CA,par3-exec-noncourse
"The Ranch at Laguna BeachGolf Course",CA,par3-exec-noncourse
"Del Web Golf Course",CA,par3-exec-noncourse
"The Institute LLC",CA,par3-exec-noncourse
"Leisure Village Golf Course",CA,par3-exec-noncourse
"Anneberg Golf Course",CA,par3-exec-noncourse
"Cypress Point Golf Course",CA,par3-exec-noncourse
"Sands Avenue Country Club",CA,par3-exec-noncourse
"Spartan Golf Complex",CA,par3-exec-noncourse
"Golf Development Complex",CA,par3-exec-noncourse
"Horse Thief Golf",CA,par3-exec-noncourse
"Whites Bridge Country Club",CA,par3-exec-noncourse
"Bass Lake Golf Course",CA,par3-exec-noncourse
"Allen’s Golf Course",CA,par3-exec-noncourse
"Primm Valley Golf Club",CA,par3-exec-noncourse
"Phoenix Lake Golf Course",CA,par3-exec-noncourse
"Sea Pines Golf Course",CA,par3-exec-noncourse
"The Riviera Hills Restaurant, Lounge and Recreation Club",CA,par3-exec-noncourse
"Catalina Island Golf Course",CA,par3-exec-noncourse