"name","state","city","tee","rating","slope","women_rating","women_slope","yardage","pars","sis"
"Hillandale Golf Course","NC","Durham, NC","Blue","70.2","127","","","6425","4 5 4 3 4 4 3 4 4 4 4 4 4 5 3 4 3 5","13 9 1 15 17 5 11 7 3 4 6 12 2 18 10 14 8 16"
"Hillandale Golf Course","NC","Durham, NC","White","68.2","124","73.8","131","6026","4 5 4 3 4 4 3 4 4 4 4 4 4 5 3 4 3 5","13 9 1 15 17 5 11 7 3 4 6 12 2 18 10 14 8 16"
"Hillandale Golf Course","NC","Durham, NC","Gold","65.1","115","70","122","5395","4 5 4 3 4 4 3 4 4 4 4 4 4 5 3 4 3 5","13 9 1 15 17 5 11 7 3 4 6 12 2 18 10 14 8 16"
"Hillandale Golf Course","NC","Durham, NC","Red","62.9","109","67.3","117","4823","4 5 4 3 4 4 3 4 4 4 4 4 4 5 3 4 3 5","13 9 1 15 17 5 11 7 3 4 6 12 2 18 10 14 8 16"
"Hillandale Golf Course","NC","Durham, NC","Light Blue","60.3","92","61.5","102","3677","4 5 4 3 4 4 3 4 4 4 4 4 4 5 3 4 3 5","13 9 1 15 17 5 11 7 3 4 6 12 2 18 10 14 8 16"
"Old Town Country Club","NC","NC","Black","74.5","140","","","7038","4 3 4 5 4 3 4 4 4 4 3 4 4 4 3 4 5 4","5 17 9 1 11 15 3 13 7 10 18 4 6 14 16 12 2 8"
"Old Town Country Club","NC","NC","Blue","72.5","134","","","6637","4 3 4 5 4 3 4 4 4 4 3 4 4 4 3 4 5 4","5 17 9 1 11 15 3 13 7 10 18 4 6 14 16 12 2 8"
"Old Town Country Club","NC","NC","White","70.3","131","","","6277","4 3 4 5 4 3 4 4 4 4 3 4 4 4 3 4 5 4","5 17 9 1 11 15 3 13 7 10 18 4 6 14 16 12 2 8"
"Old Town Country Club","NC","NC","White/Gold","68.4","127","","","5888","4 3 4 5 4 3 4 4 4 4 3 4 4 4 3 4 5 4","5 17 9 1 11 15 3 13 7 10 18 4 6 14 16 12 2 8"
"Old Town Country Club","NC","NC","Gold","66.3","124","","","5360","4 3 4 5 4 3 4 4 4 4 3 4 4 4 3 4 5 4","5 17 9 1 11 15 3 13 7 10 18 4 6 14 16 12 2 8"
"Old Town Country Club","NC","NC","Red","","","69.4","127","4955","4 3 4 5 4 3 4 4 4 4 3 4 4 4 3 4 5 4","5 17 9 1 11 15 3 13 7 10 18 4 6 14 16 12 2 8"
"Forsyth Country Club","NC","NC","Black","72.8","136","","","6784","4 4 3 4 5 4 3 5 4 4 3 4 4 3 5 4 4 4","11 13 17 9 5 1 15 3 7 14 16 6 12 18 4 2 8 10"
"Forsyth Country Club","NC","NC","Blue","71.4","133","","","6513","4 4 3 4 5 4 3 5 4 4 3 4 4 3 5 4 4 4","11 13 17 9 5 1 15 3 7 14 16 6 12 18 4 2 8 10"
"Forsyth Country Club","NC","NC","White","69.6","127","75.8","139","6156","4 4 3 4 5 4 3 5 4 4 3 4 4 3 5 4 4 4","11 13 17 9 5 1 15 3 7 14 16 6 12 18 4 2 8 10"
"Forsyth Country Club","NC","NC","Gold","67.1","120","72.5","130","5542","4 4 3 4 5 4 3 5 4 4 3 4 4 3 5 4 4 4","11 13 17 9 5 1 15 3 7 14 16 6 12 18 4 2 8 10"
"Forsyth Country Club","NC","NC","Red","64.8","109","69.7","123","5038","4 4 3 4 5 4 3 5 4 4 3 4 4 3 5 4 4 4","11 13 17 9 5 1 15 3 7 14 16 6 12 18 4 2 8 10"
"Duke University Golf Club","NC","NC","Blue Devil Tee","74.8","142","","","7154","4 4 4 3 4 4 5 3 5 4 5 3 4 5 3 4 4 4","4 6 10 18 12 8 2 14 16 11 13 15 9 17 5 7 1 3"
"Duke University Golf Club","NC","NC","Gold","73.4","139","79.8","151","6872","4 4 4 3 4 4 5 3 5 4 5 3 4 5 3 4 4 4","4 6 10 18 12 8 2 14 16 11 13 15 9 17 5 7 1 3"
"Duke University Golf Club","NC","NC","Blue","71.9","134","78.2","148","6562","4 4 4 3 4 4 5 3 5 4 5 3 4 5 3 4 4 4","4 6 10 18 12 8 2 14 16 11 13 15 9 17 5 7 1 3"
"Duke University Golf Club","NC","NC","Blue/White","70.8","131","76.9","145","6318","4 4 4 3 4 4 5 3 5 4 5 3 4 5 3 4 4 4","4 6 10 18 12 8 2 14 16 11 13 15 9 17 5 7 1 3"
"Duke University Golf Club","NC","NC","White","70.2","126","75.8","143","6127","4 4 4 3 4 4 5 3 5 4 5 3 4 5 3 4 4 4","4 6 10 18 12 8 2 14 16 11 13 15 9 17 5 7 1 3"
"Duke University Golf Club","NC","NC","White/Green","68.3","123","73.7","136","5709","4 4 4 3 4 4 5 3 5 4 5 3 4 5 3 4 4 4","4 6 10 18 12 8 2 14 16 11 13 15 9 17 5 7 1 3"
"Duke University Golf Club","NC","NC","Green","66.1","121","71.5","128","5288","4 4 4 3 4 4 5 3 5 4 5 3 4 5 3 4 4 4","4 6 10 18 12 8 2 14 16 11 13 15 9 17 5 7 1 3"
"Charlotte Country Club","NC","Charlotte, NC","Championship","75.9","146","","","7335","4 4 3 4 4 4 5 4 4 4 3 5 4 4 4 4 3 4","15 7 17 5 11 3 9 1 13 10 16 6 2 14 12 4 18 8"
"Charlotte Country Club","NC","Charlotte, NC","Back","73.2","140","","","6763","4 4 3 4 4 4 5 4 4 4 3 5 4 4 4 4 3 4","15 7 17 5 11 3 9 1 13 10 16 6 2 14 12 4 18 8"
"Charlotte Country Club","NC","Charlotte, NC","Hybrid","71.7","136","","","6460","4 4 3 4 4 4 5 4 4 4 3 5 4 4 4 4 3 4","15 7 17 5 11 3 9 1 13 10 16 6 2 14 12 4 18 8"
"Charlotte Country Club","NC","Charlotte, NC","Middle","70","130","77","144","6045","4 4 3 4 4 4 5 4 4 4 3 5 4 4 4 4 3 4","15 7 17 5 11 3 9 1 13 10 16 6 2 14 12 4 18 8"
"Charlotte Country Club","NC","Charlotte, NC","Forward","65.7","122","71.6","131","5379","4 4 3 4 4 4 5 4 4 4 3 5 4 4 4 4 3 4","15 7 17 5 11 3 9 1 13 10 16 6 2 14 12 4 18 8"
"Rocky River Golf Club","NC","NC","Gold","73.5","137","","","6970","4 4 5 4 3 4 4 4 4 3 4 5 4 4 3 4 4 5","7 1 5 13 17 15 11 3 9 18 8 2 10 12 16 6 14 4"
"Rocky River Golf Club","NC","NC","Green","70.9","130","","","6450","4 4 5 4 3 4 4 4 4 3 4 5 4 4 3 4 4 5","7 1 5 13 17 15 11 3 9 18 8 2 10 12 16 6 14 4"
"Rocky River Golf Club","NC","NC","White","75.2","140","","","6028","4 4 5 4 3 4 4 4 4 3 4 5 4 4 3 4 4 5","7 1 5 13 17 15 11 3 9 18 8 2 10 12 16 6 14 4"
"Rocky River Golf Club","NC","NC","Burgundy","68.4","119","","","4754","4 4 5 4 3 4 4 4 4 3 4 5 4 4 3 4 4 5","7 1 5 13 17 15 11 3 9 18 8 2 10 12 16 6 14 4"
"Myers Park Country Club","NC","Charlotte, NC","Black","74.3","138","","","7124","4 4 4 4 3 5 3 5 4 4 3 4 4 4 3 4 5 4","14 2 8 12 16 4 18 6 10 7 15 11 1 13 17 5 9 3"
"Myers Park Country Club","NC","Charlotte, NC","Gold","72.1","133","","","6605","4 4 4 4 3 5 3 5 4 4 3 4 4 4 3 4 5 4","14 2 8 12 16 4 18 6 10 7 15 11 1 13 17 5 9 3"
"Myers Park Country Club","NC","Charlotte, NC","Blue","70.4","128","","","6256","4 4 4 4 3 5 3 5 4 4 3 4 4 4 3 4 5 4","14 2 8 12 16 4 18 6 10 7 15 11 1 13 17 5 9 3"
"Myers Park Country Club","NC","Charlotte, NC","White","67.7","118","73.5","131","5778","4 4 4 4 3 5 3 5 4 4 3 4 4 4 3 4 5 4","14 2 8 12 16 4 18 6 10 7 15 11 1 13 17 5 9 3"
"Myers Park Country Club","NC","Charlotte, NC","Red","","","70.1","123","5263","4 4 4 4 3 5 3 5 4 4 3 4 4 4 3 4 5 4","14 2 8 12 16 4 18 6 10 7 15 11 1 13 17 5 9 3"
"Old Chatham Golf Club","NC","Durham, NC","Championship","75.2","140","","","7210","5 3 4 4 4 5 3 4 4 4 5 3 4 5 4 4 3 4","9 17 13 3 5 1 15 11 7 12 2 16 4 10 6 14 18 8"
"Old Chatham Golf Club","NC","Durham, NC","Black","73.4","129","","","7080","5 3 4 4 4 5 3 4 4 4 5 3 4 5 4 4 3 4","9 17 13 3 5 1 15 11 7 12 2 16 4 10 6 14 18 8"
"Old Chatham Golf Club","NC","Durham, NC","Green","70.9","126","","","6606","5 3 4 4 4 5 3 4 4 4 5 3 4 5 4 4 3 4","9 17 13 3 5 1 15 11 7 12 2 16 4 10 6 14 18 8"
"Old Chatham Golf Club","NC","Durham, NC","Orange","68.9","121","75.3","129","6222","5 3 4 4 4 5 3 4 4 4 5 3 4 5 4 4 3 4","9 17 13 3 5 1 15 11 7 12 2 16 4 10 6 14 18 8"
"Old Chatham Golf Club","NC","Durham, NC","Gold","64.8","108","69.3","119","5291","5 3 4 4 4 5 3 4 4 4 5 3 4 5 4 4 3 4","9 17 13 3 5 1 15 11 7 12 2 16 4 10 6 14 18 8"
"Boone Golf Club","NC","Boone, NC","Blue","71.3","128","","","6686","4 4 3 4 4 5 4 3 4 5 3 4 4 4 4 3 5 4","3 7 15 5 13 1 9 17 11 2 18 14 8 10 12 16 4 6"
"Boone Golf Club","NC","Boone, NC","White","68.1","120","","","6018","4 4 3 4 4 5 4 3 4 5 3 4 4 4 4 3 5 4","3 7 15 5 13 1 9 17 11 2 18 14 8 10 12 16 4 6"
"Boone Golf Club","NC","Boone, NC","Gold","66.3","116","","","5623","4 4 3 4 4 5 4 3 4 5 3 4 4 4 4 3 5 4","3 7 15 5 13 1 9 17 11 2 18 14 8 10 12 16 4 6"
"Boone Golf Club","NC","Boone, NC","Red","","","68.6","120","5096","4 4 3 4 4 5 4 3 4 5 3 4 4 4 4 3 5 4","3 7 15 5 13 1 9 17 11 2 18 14 8 10 12 16 4 6"
"Cedarwood Country Club","NC","Charlotte, NC","Black","73.9","137","","","6940","4 4 3 5 4 4 4 5 3 4 3 5 4 4 4 4 3 4","11 5 17 9 13 1 7 3 15 12 16 10 14 2 6 4 18 8"
"Cedarwood Country Club","NC","Charlotte, NC","Blue","71","132","","","6425","4 4 3 5 4 4 4 5 3 4 3 5 4 4 4 4 3 4","11 5 17 9 13 1 7 3 15 12 16 10 14 2 6 4 18 8"
"Cedarwood Country Club","NC","Charlotte, NC","White","69.9","128","","","6124","4 4 3 5 4 4 4 5 3 4 3 5 4 4 4 4 3 4","11 5 17 9 13 1 7 3 15 12 16 10 14 2 6 4 18 8"
"Cedarwood Country Club","NC","Charlotte, NC","Gold","67.3","123","","","5607","4 4 3 5 4 4 4 5 3 4 3 5 4 4 4 4 3 4","11 5 17 9 13 1 7 3 15 12 16 10 14 2 6 4 18 8"
"Cedarwood Country Club","NC","Charlotte, NC","Red","","","70.7","124","5296","4 4 3 5 4 4 4 5 3 4 3 5 4 4 4 4 3 4","11 5 17 9 13 1 7 3 15 12 16 10 14 2 6 4 18 8"
"Benvenue Country Club Course","NC","NC","Gold","71.8","137","","","6547","4 3 5 5 4 4 4 4 3 5 4 4 3 4 5 4 3 4","9 17 3 1 5 13 7 11 15 10 8 14 18 6 2 4 16 12"
"Benvenue Country Club Course","NC","NC","Blue","69.9","134","","","6209","4 3 5 5 4 4 4 4 3 5 4 4 3 4 5 4 3 4","9 17 3 1 5 13 7 11 15 10 8 14 18 6 2 4 16 12"
"Benvenue Country Club Course","NC","NC","White","68.1","131","","","5787","4 3 5 5 4 4 4 4 3 5 4 4 3 4 5 4 3 4","9 17 3 1 5 13 7 11 15 10 8 14 18 6 2 4 16 12"
"Benvenue Country Club Course","NC","NC","Red","","","67.6","126","4741","4 3 5 5 4 4 4 4 3 5 4 4 3 4 5 4 3 4","9 17 3 1 5 13 7 11 15 10 8 14 18 6 2 4 16 12"
"Northgreen Country Club Golf Course","NC","NC","Black","74","130","","","7200","5 4 4 3 4 4 5 3 4 4 3 4 3 4 5 4 4 5","15 17 7 11 1 3 9 13 5 8 14 4 12 10 6 16 18 2"
"Northgreen Country Club Golf Course","NC","NC","Blue","72.2","128","","","6720","5 4 4 3 4 4 5 3 4 4 3 4 3 4 5 4 4 5","15 17 7 11 1 3 9 13 5 8 14 4 12 10 6 16 18 2"
"Northgreen Country Club Golf Course","NC","NC","White","70.6","124","","","6405","5 4 4 3 4 4 5 3 4 4 3 4 3 4 5 4 4 5","15 17 7 11 1 3 9 13 5 8 14 4 12 10 6 16 18 2"
"Northgreen Country Club Golf Course","NC","NC","Green","67.9","118","","","5785","5 4 4 3 4 4 5 3 4 4 3 4 3 4 5 4 4 5","15 17 7 11 1 3 9 13 5 8 14 4 12 10 6 16 18 2"
"Northgreen Country Club Golf Course","NC","NC","Red","","","70.5","112","5065","5 4 4 3 4 4 5 3 4 4 3 4 3 4 5 4 4 5","15 17 7 11 1 3 9 13 5 8 14 4 12 10 6 16 18 2"
"Southern Pines Golf Club","NC","Southern Pines, NC","Blue","70.2","129","76.5","138","6354","4 5 3 4 5 4 3 4 3 4 4 4 4 3 5 4 4 4","11 7 13 3 5 1 17 9 15 10 14 2 8 18 6 16 4 12"
"Southern Pines Golf Club","NC","Southern Pines, NC","White","68.9","126","75","135","6086","4 5 3 4 5 4 3 4 3 4 4 4 4 3 5 4 4 4","11 7 13 3 5 1 17 9 15 10 14 2 8 18 6 16 4 12"
"Southern Pines Golf Club","NC","Southern Pines, NC","Gold","67.4","121","73.3","130","5724","4 5 3 4 5 4 3 4 3 4 4 4 4 3 5 4 4 4","11 7 13 3 5 1 17 9 15 10 14 2 8 18 6 16 4 12"
"Southern Pines Golf Club","NC","Southern Pines, NC","Red","65.6","114","71.1","125","5318","4 5 3 4 5 4 3 4 3 4 4 4 4 3 5 4 4 4","11 7 13 3 5 1 17 9 15 10 14 2 8 18 6 16 4 12"
"Southern Pines Golf Club","NC","Southern Pines, NC","Baby Blue","60.5","105","63.3","103","4015","4 5 3 4 5 4 3 4 3 4 4 4 4 3 5 4 4 4","11 7 13 3 5 1 17 9 15 10 14 2 8 18 6 16 4 12"
"Monroe Country Club","NC","Monroe, NC","Blue","73.1","132","","","6725","4 3 4 5 4 5 4 4 3 4 3 5 4 4 4 3 4 5","9 13 1 15 7 17 5 3 11 6 8 18 4 2 10 12 14 16"
"Monroe Country Club","NC","Monroe, NC","White","70.8","127","","","6276","4 3 4 5 4 5 4 4 3 4 3 5 4 4 4 3 4 5","9 13 1 15 7 17 5 3 11 6 8 18 4 2 10 12 14 16"
"Monroe Country Club","NC","Monroe, NC","Gold","67.9","123","","","5798","4 3 4 5 4 5 4 4 3 4 3 5 4 4 4 3 4 5","9 13 1 15 7 17 5 3 11 6 8 18 4 2 10 12 14 16"
"Monroe Country Club","NC","Monroe, NC","Red","","","68.2","117","4807","4 3 4 5 4 5 4 4 3 4 3 5 4 4 4 3 4 5","9 13 1 15 7 17 5 3 11 6 8 18 4 2 10 12 14 16"
"Lochmere Golf Course","NC","NC","Black","72.1","132","","","6627","4 4 3 4 4 4 3 4 5 4 3 5 4 4 4 5 3 4","5 17 13 11 7 9 15 1 3 2 18 16 6 14 4 12 8 10"
"Lochmere Golf Course","NC","NC","Blue","69.8","128","","","6136","4 4 3 4 4 4 3 4 5 4 3 5 4 4 4 5 3 4","5 17 13 11 7 9 15 1 3 2 18 16 6 14 4 12 8 10"
"Lochmere Golf Course","NC","NC","White","67.8","121","73.3","131","5632","4 4 3 4 4 4 3 4 5 4 3 5 4 4 4 5 3 4","5 17 13 11 7 9 15 1 3 2 18 16 6 14 4 12 8 10"
"Lochmere Golf Course","NC","NC","Red","","","70","110","4677","4 4 3 4 4 4 3 4 5 4 3 5 4 4 4 5 3 4","5 17 13 11 7 9 15 1 3 2 18 16 6 14 4 12 8 10"
"Oak Island Golf Club","NC","Caswell Beach, NC","Blue","73.1","131","","","6720","5 4 3 5 4 4 3 4 4 4 4 3 4 5 4 4 3 5","11 1 13 5 15 7 9 17 3 14 8 18 6 2 10 16 12 4"
"Oak Island Golf Club","NC","Caswell Beach, NC","Black","71.8","126","","","6391","5 4 3 5 4 4 3 4 4 4 4 3 4 5 4 4 3 5","11 1 13 5 15 7 9 17 3 14 8 18 6 2 10 16 12 4"
"Oak Island Golf Club","NC","Caswell Beach, NC","White","69","122","75.4","133","5973","5 4 3 5 4 4 3 4 4 4 4 3 4 5 4 4 3 5","11 1 13 5 15 7 9 17 3 14 8 18 6 2 10 16 12 4"
"Oak Island Golf Club","NC","Caswell Beach, NC","Red","","","71.1","120","4981","5 4 3 5 4 4 3 4 4 4 4 3 4 5 4 4 3 5","11 1 13 5 15 7 9 17 3 14 8 18 6 2 10 16 12 4"
"Burlingame Country Club","NC","Sapphire, NC","Gold","72.6","142","","","6601","4 5 4 3 5 4 3 4 4 4 4 3 5 4 5 4 3 4","17 5 9 15 7 1 13 3 11 8 4 12 2 14 10 6 18 16"
"Burlingame Country Club","NC","Sapphire, NC","Blue","70.5","133","","","6107","4 5 4 3 5 4 3 4 4 4 4 3 5 4 5 4 3 4","17 5 9 15 7 1 13 3 11 8 4 12 2 14 10 6 18 16"
"Burlingame Country Club","NC","Sapphire, NC","Blue/White","68.9","128","","","5763","4 5 4 3 5 4 3 4 4 4 4 3 5 4 5 4 3 4","17 5 9 15 7 1 13 3 11 8 4 12 2 14 10 6 18 16"
"Burlingame Country Club","NC","Sapphire, NC","White","67.9","122","","","5501","4 5 4 3 5 4 3 4 4 4 4 3 5 4 5 4 3 4","17 5 9 15 7 1 13 3 11 8 4 12 2 14 10 6 18 16"
"Burlingame Country Club","NC","Sapphire, NC","Silver","64.9","115","","","4890","4 5 4 3 5 4 3 4 4 4 4 3 5 4 5 4 3 4","17 5 9 15 7 1 13 3 11 8 4 12 2 14 10 6 18 16"
"Burlingame Country Club","NC","Sapphire, NC","Red","","","69.2","127","4770","4 5 4 3 5 4 3 4 4 4 4 3 5 4 5 4 3 4","17 5 9 15 7 1 13 3 11 8 4 12 2 14 10 6 18 16"
"Burlingame Country Club","NC","Sapphire, NC","Red/Green","","","67.9","124","4509","4 5 4 3 5 4 3 4 4 4 4 3 5 4 5 4 3 4","17 5 9 15 7 1 13 3 11 8 4 12 2 14 10 6 18 16"
"Wade Hampton Golf Club","NC","Cashiers, NC","Fazio","75","145","","","7302","5 4 3 5 4 3 4 4 4 5 3 4 4 4 4 4 3 5","7 5 15 1 3 17 13 11 9 8 18 14 12 10 6 2 16 4"
"Wade Hampton Golf Club","NC","Cashiers, NC","McKee","72.9","139","","","6839","5 4 3 5 4 3 4 4 4 5 3 4 4 4 4 4 3 5","7 5 15 1 3 17 13 11 9 8 18 14 12 10 6 2 16 4"
"Wade Hampton Golf Club","NC","Cashiers, NC","Tournament","71.9","136","","","6610","5 4 3 5 4 3 4 4 4 5 3 4 4 4 4 4 3 5","7 5 15 1 3 17 13 11 9 8 18 14 12 10 6 2 16 4"
"Wade Hampton Golf Club","NC","Cashiers, NC","Wade Hampton","70.8","133","","","6431","5 4 3 5 4 3 4 4 4 5 3 4 4 4 4 4 3 5","7 5 15 1 3 17 13 11 9 8 18 14 12 10 6 2 16 4"
"Wade Hampton Golf Club","NC","Cashiers, NC","Chimney Top","","","68.6","127","5029","5 4 3 5 4 3 4 4 4 5 3 4 4 4 4 4 3 5","7 5 15 1 3 17 13 11 9 8 18 14 12 10 6 2 16 4"
"The Farm","NC","Greensboro, NC","Orange Tees","75.4","140","","","7296","4 5 3 4 3 4 5 3 4 5 4 4 5 3 4 4 3 5","5 13 7 9 17 1 15 11 3 10 8 2 6 16 14 4 18 12"
"Maple Chase Golf & Country Club","NC","NC","Championship","72.5","134","79.1","144","6772","4 3 4 4 3 5 4 5 4 4 4 4 4 5 3 4 3 5","11 17 13 3 15 1 7 9 5 12 10 6 14 4 16 2 18 8"
"Maple Chase Golf & Country Club","NC","NC","Member","70.8","132","77.2","139","6420","4 3 4 4 3 5 4 5 4 4 4 4 4 5 3 4 3 5","11 17 13 3 15 1 7 9 5 12 10 6 14 4 16 2 18 8"
"Maple Chase Golf & Country Club","NC","NC","Men","69.3","129","75.3","136","6092","4 3 4 4 3 5 4 5 4 4 4 4 4 5 3 4 3 5","11 17 13 3 15 1 7 9 5 12 10 6 14 4 16 2 18 8"
"Maple Chase Golf & Country Club","NC","NC","White/Gold","73.8","125","73.8","134","5784","4 3 4 4 3 5 4 5 4 4 4 4 4 5 3 4 3 5","11 17 13 3 15 1 7 9 5 12 10 6 14 4 16 2 18 8"
"Maple Chase Golf & Country Club","NC","NC","Senior","66.1","117","71.7","129","5450","4 3 4 4 3 5 4 5 4 4 4 4 4 5 3 4 3 5","11 17 13 3 15 1 7 9 5 12 10 6 14 4 16 2 18 8"
"Maple Chase Golf & Country Club","NC","NC","Ladies","63.4","112","68.2","122","4868","4 3 4 4 3 5 4 5 4 4 4 4 4 5 3 4 3 5","11 17 13 3 15 1 7 9 5 12 10 6 14 4 16 2 18 8"
"Maple Chase Golf & Country Club","NC","NC","Short","59.9","104","62","109","3819","4 3 4 4 3 5 4 5 4 4 4 4 4 5 3 4 3 5","11 17 13 3 15 1 7 9 5 12 10 6 14 4 16 2 18 8"
"Catawba Country Club","NC","Newton, NC","Blue","72.3","131","","","6635","4 5 3 4 5 4 3 4 4 4 5 4 3 4 4 5 3 4","5 13 9 11 17 3 15 1 7 6 18 2 14 12 10 16 8 4"
"Catawba Country Club","NC","Newton, NC","White","71","124","","","6305","4 5 3 4 5 4 3 4 4 4 5 4 3 4 4 5 3 4","5 13 9 11 17 3 15 1 7 6 18 2 14 12 10 16 8 4"
"Catawba Country Club","NC","Newton, NC","Ross","69","122","","","6004","4 5 3 4 5 4 3 4 4 4 5 4 3 4 4 5 3 4","5 13 9 11 17 3 15 1 7 6 18 2 14 12 10 16 8 4"
"Catawba Country Club","NC","Newton, NC","Gold","67.4","120","","","5702","4 5 3 4 5 4 3 4 4 4 5 4 3 4 4 5 3 4","5 13 9 11 17 3 15 1 7 6 18 2 14 12 10 16 8 4"
"Catawba Country Club","NC","Newton, NC","Red","","","69.7","118","5124","4 5 3 4 5 4 3 4 4 4 5 4 3 4 4 5 3 4","5 13 9 11 17 3 15 1 7 6 18 2 14 12 10 16 8 4"
"Pilot Knob Park","NC","Pilot Mountain, NC","Blue","69.5","130","","","6225","5 3 4 4 4 3 4 4 4 5 3 4 4 4 4 4 3 4","9 7 3 17 15 13 5 1 11 8 18 12 2 14 16 4 10 6"
"Pilot Knob Park","NC","Pilot Mountain, NC","White","67.8","125","","","5840","5 3 4 4 4 3 4 4 4 5 3 4 4 4 4 4 3 4","9 7 3 17 15 13 5 1 11 8 18 12 2 14 16 4 10 6"
"Pilot Knob Park","NC","Pilot Mountain, NC","Black","66.6","118","","","5460","5 3 4 4 4 3 4 4 4 5 3 4 4 4 4 4 3 4","9 7 3 17 15 13 5 1 11 8 18 12 2 14 16 4 10 6"
"Pilot Knob Park","NC","Pilot Mountain, NC","Red","","","68.5","120","4875","5 3 4 4 4 3 4 4 4 5 3 4 4 4 4 4 3 4","9 7 3 17 15 13 5 1 11 8 18 12 2 14 16 4 10 6"
"Asheboro Country Club","NC","Asheboro, NC","Blue","70.5","138","","","6473","4 4 3 4 4 3 4 5 4 3 4 5 4 4 4 5 3 4","15 11 17 13 1 3 9 7 5 18 16 4 12 14 6 8 10 2"
"Asheboro Country Club","NC","Asheboro, NC","White","69.3","131","","","6209","4 4 3 4 4 3 4 5 4 3 4 5 4 4 4 5 3 4","15 11 17 13 1 3 9 7 5 18 16 4 12 14 6 8 10 2"
"Asheboro Country Club","NC","Asheboro, NC","Yellow","65.2","117","","","5543","4 4 3 4 4 3 4 5 4 3 4 5 4 4 4 5 3 4","15 11 17 13 1 3 9 7 5 18 16 4 12 14 6 8 10 2"
"Asheboro Country Club","NC","Asheboro, NC","Red","","","66.5","118","4787","4 4 3 4 4 3 4 5 4 3 4 5 4 4 4 5 3 4","15 11 17 13 1 3 9 7 5 18 16 4 12 14 6 8 10 2"
"Brevofield Golf Links","NC","NC","Blue","68.7","111","","","6062","4 3 5 4 4 4 4 5 3 3 4 5 4 4 4 3 4 5","12 10 2 14 18 8 16 4 6 9 17 3 1 13 5 15 11 7"
"Brevofield Golf Links","NC","NC","White","66.6","106","","","5664","4 3 5 4 4 4 4 5 3 3 4 5 4 4 4 3 4 5","12 10 2 14 18 8 16 4 6 9 17 3 1 13 5 15 11 7"
"Brevofield Golf Links","NC","NC","Gold","63.2","98","67.7","108","4994","4 3 5 4 4 4 4 5 3 3 4 5 4 4 4 3 4 5","12 10 2 14 18 8 16 4 6 9 17 3 1 13 5 15 11 7"
"Brevofield Golf Links","NC","NC","Red","","","65.7","105","4697","4 3 5 4 4 4 4 5 3 3 4 5 4 4 4 3 4 5","12 10 2 14 18 8 16 4 6 9 17 3 1 13 5 15 11 7"
"Carolina Plantation Golf Club","NC","Lumberton, NC","Blue","69.3","123","","","6206","4 4 5 3 5 4 4 3 4 4 3 4 4 3 4 5 4 5","5 7 1 13 9 17 3 11 15 16 14 10 2 12 8 4 6 18"
"Carolina Plantation Golf Club","NC","Lumberton, NC","White","67.7","120","","","5795","4 4 5 3 5 4 4 3 4 4 3 4 4 3 4 5 4 5","5 7 1 13 9 17 3 11 15 16 14 10 2 12 8 4 6 18"
"Carolina Plantation Golf Club","NC","Lumberton, NC","Yellow","66.2","111","","","5418","4 4 5 3 5 4 4 3 4 4 3 4 4 3 4 5 4 5","5 7 1 13 9 17 3 11 15 16 14 10 2 12 8 4 6 18"
"Carolina Plantation Golf Club","NC","Lumberton, NC","Red","68.9","114","","","5094","4 4 5 3 5 4 4 3 4 4 3 4 4 3 4 5 4 5","5 7 1 13 9 17 3 11 15 16 14 10 2 12 8 4 6 18"
"Pinecrest Country Club","NC","Lumberton, NC","Black","71.3","127","","","6578","4 3 4 4 4 5 3 5 4 3 5 3 4 4 5 4 4 4","2 8 4 14 16 10 12 18 6 11 9 15 7 5 17 1 13 3"
"Pinecrest Country Club","NC","Lumberton, NC","White","69.4","124","","","6191","4 3 4 4 4 5 3 5 4 3 5 3 4 4 5 4 4 4","2 8 4 14 16 10 12 18 6 11 9 15 7 5 17 1 13 3"
"Pinecrest Country Club","NC","Lumberton, NC","Yellow","68.1","121","","","5899","4 3 4 4 4 5 3 5 4 3 5 3 4 4 5 4 4 4","2 8 4 14 16 10 12 18 6 11 9 15 7 5 17 1 13 3"
"Pinecrest Country Club","NC","Lumberton, NC","Red","","","68.5","120","5203","4 3 4 4 4 5 3 5 4 3 5 3 4 4 5 4 4 4","2 8 4 14 16 10 12 18 6 11 9 15 7 5 17 1 13 3"
"Dormie Club","NC","West End, NC","Black","73.7","138","","","6883","4 4 4 4 4 5 3 4 3 5 4 3 4 4 4 3 5 4","9 13 11 7 3 5 15 1 17 4 6 18 2 16 10 14 12 8"
"Dormie Club","NC","West End, NC","Blue","72.3","130","","","6576","4 4 4 4 4 5 3 4 3 5 4 3 4 4 4 3 5 4","9 13 11 7 3 5 15 1 17 4 6 18 2 16 10 14 12 8"
"Dormie Club","NC","West End, NC","White","68.8","124","","","5910","4 4 4 4 4 5 3 4 3 5 4 3 4 4 4 3 5 4","9 13 11 7 3 5 15 1 17 4 6 18 2 16 10 14 12 8"
"Dormie Club","NC","West End, NC","Red","70.5","126","","","5180","4 4 4 4 4 5 3 4 3 5 4 3 4 4 4 3 5 4","9 13 11 7 3 5 15 1 17 4 6 18 2 16 10 14 12 8"
"Carolina Lakes Golf Club","NC","Sanford, NC","Blue","69.7","122","","","6400","4 4 4 4 5 3 4 3 4 4 5 3 4 4 3 4 4 4","7 1 17 11 5 13 9 15 3 8 10 18 14 2 16 4 6 12"
"Carolina Lakes Golf Club","NC","Sanford, NC","White","67.2","116","","","6011","4 4 4 4 5 3 4 3 4 4 5 3 4 4 3 4 4 4","7 1 17 11 5 13 9 15 3 8 10 18 14 2 16 4 6 12"
"Carolina Lakes Golf Club","NC","Sanford, NC","Red","","","67.9","112","5010","4 4 4 4 5 3 4 3 4 4 5 3 4 4 3 4 4 4","7 1 17 11 5 13 9 15 3 8 10 18 14 2 16 4 6 12"
"Southwick Golf Course","NC","Graham, NC","Blue","67.3","122","","","5941","4 4 5 3 3 4 5 3 4 3 4 4 4 5 4 5 3 4","15 17 18 8 11 2 14 13 4 3 5 10 12 6 1 7 9 16"
"Southwick Golf Course","NC","Graham, NC","White","66.4","118","71.6","126","5592","4 4 5 3 3 4 5 3 4 3 4 4 4 5 4 5 3 4","15 17 18 8 11 2 14 13 4 3 5 10 12 6 1 7 9 16"
"Southwick Golf Course","NC","Graham, NC","Gold","63.5","110","68","120","4993","4 4 5 3 3 4 5 3 4 3 4 4 4 5 4 5 3 4","15 17 18 8 11 2 14 13 4 3 5 10 12 6 1 7 9 16"
"Southwick Golf Course","NC","Graham, NC","Red","61.3","99","63.4","108","4625","4 4 5 3 3 4 5 3 4 3 4 4 4 5 4 5 3 4","15 17 18 8 11 2 14 13 4 3 5 10 12 6 1 7 9 16"
"Wendell Country Club","NC","Wendell, NC","Blue","69.3","122","","","6147","4 5 4 3 5 3 4 3 4 5 4 3 4 4 4 4 3 5","9 13 5 3 11 7 1 15 17 18 2 8 4 6 10 12 16 14"
"Wendell Country Club","NC","Wendell, NC","White","68","117","","","5866","4 5 4 3 5 3 4 3 4 5 4 3 4 4 4 4 3 5","9 13 5 3 11 7 1 15 17 18 2 8 4 6 10 12 16 14"
"Wendell Country Club","NC","Wendell, NC","Gold","63.6","101","","","4885","4 5 4 3 5 3 4 3 4 5 4 3 4 4 4 4 3 5","9 13 5 3 11 7 1 15 17 18 2 8 4 6 10 12 16 14"
"Wendell Country Club","NC","Wendell, NC","Red","","","67","110","4689","4 5 4 3 5 3 4 3 4 5 4 3 4 4 4 4 3 5","9 13 5 3 11 7 1 15 17 18 2 8 4 6 10 12 16 14"
"Charlotte National Golf Club","NC","Indian Trail, NC","Green","74.6","135","","","7252","4 5 3 4 4 3 5 4 4 4 4 3 5 4 5 3 4 4","17 13 15 11 1 3 9 5 7 18 2 16 10 14 8 12 6 4"
"Charlotte National Golf Club","NC","Indian Trail, NC","Blue","71.9","129","","","6751","4 5 3 4 4 3 5 4 4 4 4 3 5 4 5 3 4 4","17 13 15 11 1 3 9 5 7 18 2 16 10 14 8 12 6 4"
"Charlotte National Golf Club","NC","Indian Trail, NC","Gold","68.8","120","74.5","135","6058","4 5 3 4 4 3 5 4 4 4 4 3 5 4 5 3 4 4","17 13 15 11 1 3 9 5 7 18 2 16 10 14 8 12 6 4"
"Charlotte National Golf Club","NC","Indian Trail, NC","Silver","65.6","111","71.1","120","5475","4 5 3 4 4 3 5 4 4 4 4 3 5 4 5 3 4 4","17 13 15 11 1 3 9 5 7 18 2 16 10 14 8 12 6 4"
"Pine Lake Country Club","NC","Charlotte, NC","Black","72.4","134","","","6643","4 4 3 5 4 3 4 5 4 5 4 3 4 4 4 3 5 4","11 3 15 17 5 9 1 13 7 4 2 16 14 6 10 12 18 8"
"Pine Lake Country Club","NC","Charlotte, NC","Blue","71.1","127","","","6269","4 4 3 5 4 3 4 5 4 5 4 3 4 4 4 3 5 4","11 3 15 17 5 9 1 13 7 4 2 16 14 6 10 12 18 8"
"Pine Lake Country Club","NC","Charlotte, NC","Gold","68.9","118","","","5868","4 4 3 5 4 3 4 5 4 5 4 3 4 4 4 3 5 4","11 3 15 17 5 9 1 13 7 4 2 16 14 6 10 12 18 8"
"Pine Lake Country Club","NC","Charlotte, NC","Red","71.9","123","","","5410","4 4 3 5 4 3 4 5 4 5 4 3 4 4 4 3 5 4","11 3 15 17 5 9 1 13 7 4 2 16 14 6 10 12 18 8"
"Cabarrus Country Club","NC","Concord, NC","Blue","73.9","136","","","6986","5 4 4 4 3 4 3 5 4 4 5 3 4 4 3 4 4 5","7 1 11 13 15 3 17 9 5 14 10 18 2 16 4 8 12 6"
"Cabarrus Country Club","NC","Concord, NC","Gold","71.6","131","","","6505","5 4 4 4 3 4 3 5 4 4 5 3 4 4 3 4 4 5","7 1 11 13 15 3 17 9 5 14 10 18 2 16 4 8 12 6"
"Cabarrus Country Club","NC","Concord, NC","White","68.7","125","","","5899","5 4 4 4 3 4 3 5 4 4 5 3 4 4 3 4 4 5","7 1 11 13 15 3 17 9 5 14 10 18 2 16 4 8 12 6"
"Cabarrus Country Club","NC","Concord, NC","Red","","","66.3","113","5245","5 4 4 4 3 4 3 5 4 4 5 3 4 4 3 4 4 5","7 1 11 13 15 3 17 9 5 14 10 18 2 16 4 8 12 6"
"The Tradition Golf Club","NC","Charlotte, NC","Gold","72.6","140","","","6978","4 4 5 4 3 4 4 3 5 4 3 4 4 5 3 4 4 5","5 1 9 3 7 11 15 17 13 10 12 2 6 16 14 4 8 18"
"The Tradition Golf Club","NC","Charlotte, NC","Green","70.3","132","","","6484","4 4 5 4 3 4 4 3 5 4 3 4 4 5 3 4 4 5","5 1 9 3 7 11 15 17 13 10 12 2 6 16 14 4 8 18"
"The Tradition Golf Club","NC","Charlotte, NC","White","68.4","124","73.8","137","6121","4 4 5 4 3 4 4 3 5 4 3 4 4 5 3 4 4 5","5 1 9 3 7 11 15 17 13 10 12 2 6 16 14 4 8 18"
"The Tradition Golf Club","NC","Charlotte, NC","Red","","","69.6","125","5443","4 4 5 4 3 4 4 3 5 4 3 4 4 5 3 4 4 5","5 1 9 3 7 11 15 17 13 10 12 2 6 16 14 4 8 18"
"Kings Mountain Country Club","NC","Kings Mountain, NC","Blue","70.5","121","","","6483","5 4 4 4 3 5 4 3 4 5 4 3 4 4 4 4 3 5","14 6 4 18 12 10 8 2 16 5 9 7 3 11 1 17 15 13"
"Kings Mountain Country Club","NC","Kings Mountain, NC","White","68.9","118","","","6143","5 4 4 4 3 5 4 3 4 5 4 3 4 4 4 4 3 5","14 6 4 18 12 10 8 2 16 5 9 7 3 11 1 17 15 13"
"Kings Mountain Country Club","NC","Kings Mountain, NC","Red","","","67.7","111","5019","5 4 4 4 3 5 4 3 4 5 4 3 4 4 4 4 3 5","14 6 4 18 12 10 8 2 16 5 9 7 3 11 1 17 15 13"
"The Links at Cotton Valley","NC","Tarboro, NC","Blue","71.6","120","","","6822","4 4 3 5 5 3 4 4 4 4 4 3 5 5 3 4 5 3","4 12 18 8 2 14 16 10 6 11 15 17 5 3 9 7 1 13"
"The Links at Cotton Valley","NC","Tarboro, NC","White","68.4","114","","","6152","4 4 3 5 5 3 4 4 4 4 4 3 5 5 3 4 5 3","4 12 18 8 2 14 16 10 6 11 15 17 5 3 9 7 1 13"
"The Links at Cotton Valley","NC","Tarboro, NC","Yellow","66","105","","","5587","4 4 3 5 5 3 4 4 4 4 4 3 5 5 3 4 5 3","4 12 18 8 2 14 16 10 6 11 15 17 5 3 9 7 1 13"
"The Links at Cotton Valley","NC","Tarboro, NC","Red","67.7","110","","","4748","4 4 3 5 5 3 4 4 4 4 4 3 5 5 3 4 5 3","4 12 18 8 2 14 16 10 6 11 15 17 5 3 9 7 1 13"
"Greensboro Country Club Irving Park Golf Course","NC","NC","Blue","69.5","130","75.1","134","6016","4 4 3 4 5 3 4 4 3 5 5 4 3 4 3 4 5 4","9 13 11 1 15 17 3 7 5 10 16 6 2 14 8 12 18 4"
"Greensboro Country Club Irving Park Golf Course","NC","NC","White","67.3","125","72.3","127","5489","4 4 3 4 5 3 4 4 3 5 5 4 3 4 3 4 5 4","9 13 11 1 15 17 3 7 5 10 16 6 2 14 8 12 18 4"
"Greensboro Country Club Irving Park Golf Course","NC","NC","Green","64.6","116","69.1","118","4983","4 4 3 4 5 3 4 4 3 5 5 4 3 4 3 4 5 4","9 13 11 1 15 17 3 7 5 10 16 6 2 14 8 12 18 4"
"Landfall Country Club Golf Course","NC","NC","Black","74","139","","","7020","4 3 4 5 4 5 4 3 4 4 4 5 3 4 4 3 4 5","17 15 1 9 11 3 5 13 7 10 12 2 18 6 16 14 4 8"
"Linville Golf Club","NC","NC","Gold","73.3","135","","","6959","5 4 3 4 4 3 4 4 5 4 4 4 5 3 4 3 5 4","13 9 17 7 5 15 11 1 3 6 10 2 12 18 8 16 14 4"
"Linville Golf Club","NC","NC","Blue","72.1","129","","","6620","5 4 3 4 4 3 4 4 5 4 4 4 5 3 4 3 5 4","13 9 17 7 5 15 11 1 3 6 10 2 12 18 8 16 14 4"
"Linville Golf Club","NC","NC","White","70.4","125","","","6289","5 4 3 4 4 3 4 4 5 4 4 4 5 3 4 3 5 4","13 9 17 7 5 15 11 1 3 6 10 2 12 18 8 16 14 4"
"Linville Golf Club","NC","NC","Black","67","119","72.8","129","5531","5 4 3 4 4 3 4 4 5 4 4 4 5 3 4 3 5 4","13 9 17 7 5 15 11 1 3 6 10 2 12 18 8 16 14 4"
"Linville Golf Club","NC","NC","Red","","","69.2","122","4948","5 4 3 4 4 3 4 4 5 4 4 4 5 3 4 3 5 4","13 9 17 7 5 15 11 1 3 6 10 2 12 18 8 16 14 4"
"Mountain Glen Golf Club","NC","Newland, NC","Blue","71","134","","","6484","4 5 4 3 4 4 4 3 5 5 4 3 4 5 3 4 4 4","12 2 14 8 10 16 4 18 6 5 1 17 7 13 9 15 3 11"
"Mountain Glen Golf Club","NC","Newland, NC","White","68.7","126","74.4","138","5975","4 5 4 3 4 4 4 3 5 5 4 3 4 5 3 4 4 4","12 2 14 8 10 16 4 18 6 5 1 17 7 13 9 15 3 11"
"Mountain Glen Golf Club","NC","Newland, NC","Gold","66.1","113","71","132","5631","4 5 4 3 4 4 4 3 5 5 4 3 4 5 3 4 4 4","12 2 14 8 10 16 4 18 6 5 1 17 7 13 9 15 3 11"
"Mountain Glen Golf Club","NC","Newland, NC","Red","64","107","68.7","124","5022","4 5 4 3 4 4 4 3 5 5 4 3 4 5 3 4 4 4","12 2 14 8 10 16 4 18 6 5 1 17 7 13 9 15 3 11"
"Olde Fort","NC","NC","Blue","68.4","108","","","6311","4 5 4 3 5 4 4 3 4 3 4 4 5 3 5 4 4 4","3 15 17 14 10 8 6 4 7 9 5 2 16 13 11 12 1 18"
"Olde Fort","NC","NC","White","65.9","103","","","5773","4 5 4 3 5 4 4 3 4 3 4 4 5 3 5 4 4 4","3 15 17 14 10 8 6 4 7 9 5 2 16 13 11 12 1 18"
"Olde Fort","NC","NC","Red","","","64.6","99","4580","4 5 4 3 5 4 4 3 4 3 4 4 5 3 5 4 4 4","3 15 17 14 10 8 6 4 7 9 5 2 16 13 11 12 1 18"
"Starmount Forest Country Club","NC","Greensboro, NC","Black","72.3","139","","","6711","4 4 3 4 4 4 5 3 4 3 4 4 4 5 4 4 3 5","3 9 17 1 13 7 5 11 15 18 2 6 12 8 16 4 10 14"
"Starmount Forest Country Club","NC","Greensboro, NC","Gray","70.6","135","","","6475","4 4 3 4 4 4 5 3 4 3 4 4 4 5 4 4 3 5","3 9 17 1 13 7 5 11 15 18 2 6 12 8 16 4 10 14"
"Starmount Forest Country Club","NC","Greensboro, NC","White","69.9","132","","","6241","4 4 3 4 4 4 5 3 4 3 4 4 4 5 4 4 3 5","3 9 17 1 13 7 5 11 15 18 2 6 12 8 16 4 10 14"
"Starmount Forest Country Club","NC","Greensboro, NC","Blue","67.4","123","","","5651","4 4 3 4 4 4 5 3 4 3 4 4 4 5 4 4 3 5","3 9 17 1 13 7 5 11 15 18 2 6 12 8 16 4 10 14"
"Starmount Forest Country Club","NC","Greensboro, NC","Green","","","70.3","126","5185","4 4 3 4 4 4 5 3 4 3 4 4 4 5 4 4 3 5","3 9 17 1 13 7 5 11 15 18 2 6 12 8 16 4 10 14"
"Falls Village Golf Club","NC","NC","Gold","73.4","140","","","7072","4 4 3 4 4 3 5 4 5 4 4 4 4 3 5 3 4 5","5 11 15 1 7 13 9 3 17 10 8 2 4 16 12 18 14 6"
"Falls Village Golf Club","NC","NC","Blue","71.7","130","","","6474","4 4 3 4 4 3 5 4 5 4 4 4 4 3 5 3 4 5","5 11 15 1 7 13 9 3 17 10 8 2 4 16 12 18 14 6"
"Falls Village Golf Club","NC","NC","White","68.5","124","75.3","137","5875","4 4 3 4 4 3 5 4 5 4 4 4 4 3 5 3 4 5","5 11 15 1 7 13 9 3 17 10 8 2 4 16 12 18 14 6"
"Falls Village Golf Club","NC","NC","Silver","67","120","73.3","126","5543","4 4 3 4 4 3 5 4 5 4 4 4 4 3 5 3 4 5","5 11 15 1 7 13 9 3 17 10 8 2 4 16 12 18 14 6"
"Falls Village Golf Club","NC","NC","Red","65.6","115","71.3","126","5262","4 4 3 4 4 3 5 4 5 4 4 4 4 3 5 3 4 5","5 11 15 1 7 13 9 3 17 10 8 2 4 16 12 18 14 6"
"Jefferson Landing","NC","Jefferson, NC","Gold","73.1","139","","","7110","5 3 4 4 4 3 5 4 4 4 4 5 4 3 5 4 3 4","9 15 17 13 3 11 7 5 1 2 4 6 14 12 8 18 16 10"
"Jefferson Landing","NC","Jefferson, NC","Blue","69.7","127","","","6450","5 3 4 4 4 3 5 4 4 4 4 5 4 3 5 4 3 4","9 15 17 13 3 11 7 5 1 2 4 6 14 12 8 18 16 10"
"Jefferson Landing","NC","Jefferson, NC","White","66.3","118","","","5741","5 3 4 4 4 3 5 4 4 4 4 5 4 3 5 4 3 4","9 15 17 13 3 11 7 5 1 2 4 6 14 12 8 18 16 10"
"Jefferson Landing","NC","Jefferson, NC","Red","","","67.4","120","5051","5 3 4 4 4 3 5 4 4 4 4 5 4 3 5 4 3 4","9 15 17 13 3 11 7 5 1 2 4 6 14 12 8 18 16 10"
"Stone Mountain Golf Club","NC","Traphill, NC","Blue","66.2","119","","","5262","4 4 3 4 3 5 4 5 3 5 4 4 4 3 4 3 4 5","15 17 9 5 1 13 3 11 7 12 8 2 16 18 14 10 6 4"
"Stone Mountain Golf Club","NC","Traphill, NC","White","64.7","120","","","4803","4 4 3 4 3 5 4 5 3 5 4 4 4 3 4 3 4 5","15 17 9 5 1 13 3 11 7 12 8 2 16 18 14 10 6 4"
"Stone Mountain Golf Club","NC","Traphill, NC","Gold","63.1","113","","","4456","4 4 3 4 3 5 4 5 3 5 4 4 4 3 4 3 4 5","15 17 9 5 1 13 3 11 7 12 8 2 16 18 14 10 6 4"
"Stone Mountain Golf Club","NC","Traphill, NC","Red","","","63.2","103","3786","4 4 3 4 3 5 4 5 3 5 4 4 4 3 4 3 4 5","15 17 9 5 1 13 3 11 7 12 8 2 16 18 14 10 6 4"
"Trillium Links","NC","Cashiers, NC","Trillium","71.6","142","","","6440","4 4 4 5 3 4 5 4 3 5 4 5 3 5 3 3 4 4","17 5 9 13 11 1 3 7 15 10 2 6 14 4 8 16 18 12"
"Trillium Links","NC","Cashiers, NC","Mountain","68.6","132","73.5","142","5796","4 4 4 5 3 4 5 4 3 5 4 5 3 5 3 3 4 4","17 5 9 13 11 1 3 7 15 10 2 6 14 4 8 16 18 12"
"Trillium Links","NC","Cashiers, NC","Village","64.2","123","69.1","131","4913","4 4 4 5 3 4 5 4 3 5 4 5 3 5 3 3 4 4","17 5 9 13 11 1 3 7 15 10 2 6 14 4 8 16 18 12"
"Trillium Links","NC","Cashiers, NC","Ridge","62.3","116","65.3","121","4253","4 4 4 5 3 4 5 4 3 5 4 5 3 5 3 3 4 4","17 5 9 13 11 1 3 7 15 10 2 6 14 4 8 16 18 12"
"Lynrock Golf Course","NC","NC","Blue","67.7","114","","","6046","4 3 5 4 4 4 4 4 3 3 4 4 3 5 4 5 3 4","13 17 15 1 3 11 5 7 9 4 16 12 8 2 14 6 18 10"
"Lynrock Golf Course","NC","NC","White","65.3","109","","","5538","4 3 5 4 4 4 4 4 3 3 4 4 3 5 4 5 3 4","13 17 15 1 3 11 5 7 9 4 16 12 8 2 14 6 18 10"
"Lynrock Golf Course","NC","NC","Gold","63.1","106","67.9","117","5031","4 3 5 4 4 4 4 4 3 3 4 4 3 5 4 5 3 4","13 17 15 1 3 11 5 7 9 4 16 12 8 2 14 6 18 10"
"Lynrock Golf Course","NC","NC","Red","","","66.7","115","4857","4 3 5 4 4 4 4 4 3 3 4 4 3 5 4 5 3 4","13 17 15 1 3 11 5 7 9 4 16 12 8 2 14 6 18 10"
"Cleveland Country Club","NC","Shelby, NC","Blue","71.7","134","","","6389","4 4 3 4 5 4 4 4 4 4 3 5 4 4 4 5 3 4","6 2 18 8 12 10 16 4 14 7 13 1 5 3 9 11 17 15"
"Cleveland Country Club","NC","Shelby, NC","White","69.7","129","75.4","138","5983","4 4 3 4 5 4 4 4 4 4 3 5 4 4 4 5 3 4","6 2 18 8 12 10 16 4 14 7 13 1 5 3 9 11 17 15"
"Cleveland Country Club","NC","Shelby, NC","Gold","65.8","120","70.7","127","5413","4 4 3 4 5 4 4 4 4 4 3 5 4 4 4 5 3 4","6 2 18 8 12 10 16 4 14 7 13 1 5 3 9 11 17 15"
"Cleveland Country Club","NC","Shelby, NC","Red","64.1","114","68.5","121","4778","4 4 3 4 5 4 4 4 4 4 3 5 4 4 4 5 3 4","6 2 18 8 12 10 16 4 14 7 13 1 5 3 9 11 17 15"
"Star Hill","NC","NC","Blue","70.6","123","","","6514","5 5 5 4 4 4 4 4 4 4 4 4 4 4 4 3 3 3","14 6 16 4 12 18 8 2 10 7 15 5 17 13 3 11 1 9"
"Star Hill","NC","NC","White","69.1","120","75","125","6105","5 5 5 4 4 4 4 4 4 4 4 4 4 4 4 3 3 3","14 6 16 4 12 18 8 2 10 7 15 5 17 13 3 11 1 9"
"Star Hill","NC","NC","Gold","65.2","108","70.3","117","5323","5 5 5 4 4 4 4 4 4 4 4 4 4 4 4 3 3 3","14 6 16 4 12 18 8 2 10 7 15 5 17 13 3 11 1 9"
"Star Hill","NC","NC","Red","61.7","98","65.6","104","4494","5 5 5 4 4 4 4 4 4 4 4 4 4 4 4 3 3 3","14 6 16 4 12 18 8 2 10 7 15 5 17 13 3 11 1 9"
"Catawba Creek Golf Course","NC","Gastonia, NC","Blue","69.5","130","","","6172","4 3 4 4 5 4 3 4 4 4 4 4 5 4 4 3 3 4","7 17 1 5 13 11 15 3 9 18 2 4 6 16 12 10 8 14"
"Catawba Creek Golf Course","NC","Gastonia, NC","White","67","117","","","5544","4 3 4 4 5 4 3 4 4 4 4 4 5 4 4 3 3 4","7 17 1 5 13 11 15 3 9 18 2 4 6 16 12 10 8 14"
"Catawba Creek Golf Course","NC","Gastonia, NC","Gold","63.1","101","66.9","112","4371","4 3 4 4 5 4 3 4 4 4 4 4 5 4 4 3 3 4","7 17 1 5 13 11 15 3 9 18 2 4 6 16 12 10 8 14"
"Wildcat Cliffs Country Club","NC","NC","Black","72","142","","","6531","4 3 4 5 4 3 4 4 5 4 4 5 4 3 4 4 3 5","5 13 3 7 11 17 15 9 1 8 14 2 12 16 10 4 18 6"
"Wildcat Cliffs Country Club","NC","NC","White","70","135","","","6173","4 3 4 5 4 3 4 4 5 4 4 5 4 3 4 4 3 5","5 13 3 7 11 17 15 9 1 8 14 2 12 16 10 4 18 6"
"Wildcat Cliffs Country Club","NC","NC","White/Gold","68.6","128","","","5827","4 3 4 5 4 3 4 4 5 4 4 5 4 3 4 4 3 5","5 13 3 7 11 17 15 9 1 8 14 2 12 16 10 4 18 6"
"Wildcat Cliffs Country Club","NC","NC","Gold","67.3","126","","","5532","4 3 4 5 4 3 4 4 5 4 4 5 4 3 4 4 3 5","5 13 3 7 11 17 15 9 1 8 14 2 12 16 10 4 18 6"
"Wildcat Cliffs Country Club","NC","NC","Gold/Red","65.6","118","","","5186","4 3 4 5 4 3 4 4 5 4 4 5 4 3 4 4 3 5","5 13 3 7 11 17 15 9 1 8 14 2 12 16 10 4 18 6"
"Wildcat Cliffs Country Club","NC","NC","Red","68.4","126","","","4920","4 3 4 5 4 3 4 4 5 4 4 5 4 3 4 4 3 5","5 13 3 7 11 17 15 9 1 8 14 2 12 16 10 4 18 6"
"Wildcat Cliffs Country Club","NC","NC","Green","64","108","","","4098","4 3 4 5 4 3 4 4 5 4 4 5 4 3 4 4 3 5","5 13 3 7 11 17 15 9 1 8 14 2 12 16 10 4 18 6"
"Elk River Club","NC","NC","Gold","73.4","141","","","6829","4 3 5 4 4 5 4 3 4 4 4 3 4 4 3 5 4 5","2 16 10 14 4 12 8 18 6 11 1 15 13 3 17 7 5 9"
"Elk River Club","NC","NC","Blue","70.5","134","","","6305","4 3 5 4 4 5 4 3 4 4 4 3 4 4 3 5 4 5","2 16 10 14 4 12 8 18 6 11 1 15 13 3 17 7 5 9"
"Elk River Club","NC","NC","White","67.5","121","73.2","140","5528","4 3 5 4 4 5 4 3 4 4 4 3 4 4 3 5 4 5","2 16 10 14 4 12 8 18 6 11 1 15 13 3 17 7 5 9"
"Elk River Club","NC","NC","Red","64.1","117","70.2","131","4978","4 3 5 4 4 5 4 3 4 4 4 3 4 4 3 5 4 5","2 16 10 14 4 12 8 18 6 11 1 15 13 3 17 7 5 9"
"Deep Springs Golf Club","NC","NC","Black","72.9","133","","","6936","4 5 4 3 4 4 3 5 4 4 5 3 4 4 4 3 4 5","5 1 7 15 3 11 13 17 9 6 14 16 2 12 8 18 4 10"
"Deep Springs Golf Club","NC","NC","White","70.2","127","","","6446","4 5 4 3 4 4 3 5 4 4 5 3 4 4 4 3 4 5","5 1 7 15 3 11 13 17 9 6 14 16 2 12 8 18 4 10"
"Deep Springs Golf Club","NC","NC","Gold","68.6","118","","","5818","4 5 4 3 4 4 3 5 4 4 5 3 4 4 4 3 4 5","5 1 7 15 3 11 13 17 9 6 14 16 2 12 8 18 4 10"
"Deep Springs Golf Club","NC","NC","Red","68.9","119","","","5022","4 5 4 3 4 4 3 5 4 4 5 3 4 4 4 3 4 5","5 1 7 15 3 11 13 17 9 6 14 16 2 12 8 18 4 10"
"Cramer Mountain Club","NC","NC","Champ","73.2","147","74.5","149","6486","5 3 5 4 4 4 4 3 4 4 4 3 5 4 3 5 3 5","3 15 7 11 13 5 1 17 9 14 12 4 10 8 16 6 18 2"
"Cramer Mountain Club","NC","NC","Men","71.9","143","","","6205","5 3 5 4 4 4 4 3 4 4 4 3 5 4 3 5 3 5","3 15 7 11 13 5 1 17 9 14 12 4 10 8 16 6 18 2"
"Cramer Mountain Club","NC","NC","Mountain","70.4","139","","","5924","5 3 5 4 4 4 4 3 4 4 4 3 5 4 3 5 3 5","3 15 7 11 13 5 1 17 9 14 12 4 10 8 16 6 18 2"
"Cramer Mountain Club","NC","NC","Senior","66.4","128","71.2","134","5148","5 3 5 4 4 4 4 3 4 4 4 3 5 4 3 5 3 5","3 15 7 11 13 5 1 17 9 14 12 4 10 8 16 6 18 2"
"Cramer Mountain Club","NC","NC","Women","","","67.1","124","4423","5 3 5 4 4 4 4 3 4 4 4 3 5 4 3 5 3 5","3 15 7 11 13 5 1 17 9 14 12 4 10 8 16 6 18 2"
"Tanglewood Championship Course","NC","NC","Gold","74.6","140","","","7101","4 4 3 4 4 4 3 5 4 4 3 4 4 5 4 3 4 4","13 3 15 9 7 11 17 1 5 12 18 4 10 2 14 16 6 8"
"Tanglewood Championship Course","NC","NC","Blue","72.6","134","","","6637","4 4 3 4 4 4 3 5 4 4 3 4 4 5 4 3 4 4","13 3 15 9 7 11 17 1 5 12 18 4 10 2 14 16 6 8"
"Tanglewood Championship Course","NC","NC","White","69.3","126","","","6014","4 4 3 4 4 4 3 5 4 4 3 4 4 5 4 3 4 4","13 3 15 9 7 11 17 1 5 12 18 4 10 2 14 16 6 8"
"Tanglewood Championship Course","NC","NC","Black","65.9","123","","","5333","4 4 3 4 4 4 3 5 4 4 3 4 4 5 4 3 4 4","13 3 15 9 7 11 17 1 5 12 18 4 10 2 14 16 6 8"
"Tanglewood Championship Course","NC","NC","Red/Long","","","69.5","120","5023","4 4 3 4 4 4 3 5 4 4 3 4 4 5 4 3 4 4","13 3 15 9 7 11 17 1 5 12 18 4 10 2 14 16 6 8"
"Tanglewood Championship Course","NC","NC","Red/Short","","","67.3","114","4562","4 4 3 4 4 4 3 5 4 4 3 4 4 5 4 3 4 4","13 3 15 9 7 11 17 1 5 12 18 4 10 2 14 16 6 8"
"Sandy Ridge Country Club","NC","NC","Blue","69.4","123","","","6414","5 4 5 4 3 4 3 4 4 4 3 4 4 4 4 5 3 5","11 1 17 5 3 15 13 9 7 8 6 18 12 14 10 4 16 2"
"Sandy Ridge Country Club","NC","NC","White","68.2","116","73.2","129","5885","5 4 5 4 3 4 3 4 4 4 3 4 4 4 4 5 3 5","11 1 17 5 3 15 13 9 7 8 6 18 12 14 10 4 16 2"
"Sandy Ridge Country Club","NC","NC","Gold","64.9","110","70","120","5235","5 4 5 4 3 4 3 4 4 4 3 4 4 4 4 5 3 5","11 1 17 5 3 15 13 9 7 8 6 18 12 14 10 4 16 2"
"Sandy Ridge Country Club","NC","NC","Red","","","65.1","107","4283","5 4 5 4 3 4 3 4 4 4 3 4 4 4 4 5 3 5","11 1 17 5 3 15 13 9 7 8 6 18 12 14 10 4 16 2"
"Tot Hill Farm","NC","Asheboro, NC","Black","72.5","138","","","6543","4 4 3 5 5 3 4 5 4 4 3 4 3 4 3 5 4 5","8 2 18 10 6 14 16 12 4 15 13 5 9 7 17 3 1 11"
"Tot Hill Farm","NC","Asheboro, NC","Green","70.4","132","","","6214","4 4 3 5 5 3 4 5 4 4 3 4 3 4 3 5 4 5","8 2 18 10 6 14 16 12 4 15 13 5 9 7 17 3 1 11"
"Tot Hill Farm","NC","Asheboro, NC","White","69","117","74","134","5632","4 4 3 5 5 3 4 5 4 4 3 4 3 4 3 5 4 5","8 2 18 10 6 14 16 12 4 15 13 5 9 7 17 3 1 11"
"Tot Hill Farm","NC","Asheboro, NC","Gold","63.8","103","67.9","118","4556","4 4 3 5 5 3 4 5 4 4 3 4 3 4 3 5 4 5","8 2 18 10 6 14 16 12 4 15 13 5 9 7 17 3 1 11"
"Eagle Point Golf Club","NC","NC","Green","75.5","141","","","7259","4 3 4 5 3 5 4 4 4 3 4 5 4 4 3 4 4 5","18 14 6 12 10 2 16 8 4 15 5 17 13 1 11 9 3 7"
"Eagle Point Golf Club","NC","NC","Blue","72.5","135","","","6742","4 3 4 5 3 5 4 4 4 3 4 5 4 4 3 4 4 5","18 14 6 12 10 2 16 8 4 15 5 17 13 1 11 9 3 7"
"Eagle Point Golf Club","NC","NC","White","70.6","129","","","6337","4 3 4 5 3 5 4 4 4 3 4 5 4 4 3 4 4 5","18 14 6 12 10 2 16 8 4 15 5 17 13 1 11 9 3 7"
"Eagle Point Golf Club","NC","NC","Yellow","70.1","125","76.2","141","6192","4 3 4 5 3 5 4 4 4 3 4 5 4 4 3 4 4 5","18 14 6 12 10 2 16 8 4 15 5 17 13 1 11 9 3 7"
"Eagle Point Golf Club","NC","NC","Red","65.3","114","70.3","126","5243","4 3 4 5 3 5 4 4 4 3 4 5 4 4 3 4 4 5","18 14 6 12 10 2 16 8 4 15 5 17 13 1 11 9 3 7"
"Croasdaile Country Club","NC","NC","Champion","74.7","144","","","7068","4 3 5 4 3 5 4 4 4 5 3 4 5 3 4 4 4 4","17 15 1 9 13 3 7 11 5 8 18 6 4 12 14 2 10 16"
"Croasdaile Country Club","NC","NC","Gold","74.2","140","","","6933","4 3 5 4 3 5 4 4 4 5 3 4 5 3 4 4 4 4","17 15 1 9 13 3 7 11 5 8 18 6 4 12 14 2 10 16"
"Croasdaile Country Club","NC","NC","Blue","71.9","130","","","6511","4 3 5 4 3 5 4 4 4 5 3 4 5 3 4 4 4 4","17 15 1 9 13 3 7 11 5 8 18 6 4 12 14 2 10 16"
"Croasdaile Country Club","NC","NC","White","69.3","122","","","5986","4 3 5 4 3 5 4 4 4 5 3 4 5 3 4 4 4 4","17 15 1 9 13 3 7 11 5 8 18 6 4 12 14 2 10 16"
"Croasdaile Country Club","NC","NC","Red","","","71.3","127","5303","4 3 5 4 3 5 4 4 4 5 3 4 5 3 4 4 4 4","17 15 1 9 13 3 7 11 5 8 18 6 4 12 14 2 10 16"
"Country Club of Asheville","NC","NC","Black","72.3","133","","","6677","4 5 3 4 4 3 5 4 4 4 4 4 3 4 4 5 3 4","13 9 11 1 3 17 15 5 7 6 4 14 18 2 10 8 12 16"
"Country Club of Asheville","NC","NC","White","70.3","127","","","6339","4 5 3 4 4 3 5 4 4 4 4 4 3 4 4 5 3 4","13 9 11 1 3 17 15 5 7 6 4 14 18 2 10 8 12 16"
"Country Club of Asheville","NC","NC","Green","68.6","125","","","6034","4 5 3 4 4 3 5 4 4 4 4 4 3 4 4 5 3 4","13 9 11 1 3 17 15 5 7 6 4 14 18 2 10 8 12 16"
"Country Club of Asheville","NC","NC","Gold","67.2","119","","","5635","4 5 3 4 4 3 5 4 4 4 4 4 3 4 4 5 3 4","13 9 11 1 3 17 15 5 7 6 4 14 18 2 10 8 12 16"
"Country Club of Asheville","NC","NC","Red","","","70.2","124","5268","4 5 3 4 4 3 5 4 4 4 4 4 3 4 4 5 3 4","13 9 11 1 3 17 15 5 7 6 4 14 18 2 10 8 12 16"
"Oak Hollow Golf Course","NC","High Point, NC","Blue","71.7","132","","","6564","4 5 4 3 5 4 3 4 4 5 4 4 3 4 5 3 4 4","8 16 12 6 14 2 18 4 10 1 3 11 17 7 9 13 15 5"
"Oak Hollow Golf Course","NC","High Point, NC","Mixed","69.6","127","","","6155","4 5 4 3 5 4 3 4 4 5 4 4 3 4 5 3 4 4","8 16 12 6 14 2 18 4 10 1 3 11 17 7 9 13 15 5"
"Oak Hollow Golf Course","NC","High Point, NC","White","67.1","119","72.8","134","5613","4 5 4 3 5 4 3 4 4 5 4 4 3 4 5 3 4 4","8 16 12 6 14 2 18 4 10 1 3 11 17 7 9 13 15 5"
"Oak Hollow Golf Course","NC","High Point, NC","Red","","","68.4","120","4825","4 5 4 3 5 4 3 4 4 5 4 4 3 4 5 3 4 4","8 16 12 6 14 2 18 4 10 1 3 11 17 7 9 13 15 5"
"MacGregor Downs Country Club","NC","Cary, NC","Gold","73.4","134","","","7003","4 4 4 3 5 4 4 3 5 5 4 3 4 4 4 3 5 4","3 9 1 17 13 5 7 15 11 14 2 6 8 18 12 10 16 4"
"MacGregor Downs Country Club","NC","Cary, NC","Tartan","71.8","131","","","6661","4 4 4 3 5 4 4 3 5 5 4 3 4 4 4 3 5 4","3 9 1 17 13 5 7 15 11 14 2 6 8 18 12 10 16 4"
"MacGregor Downs Country Club","NC","Cary, NC","Blue","70.9","128","","","6459","4 4 4 3 5 4 4 3 5 5 4 3 4 4 4 3 5 4","3 9 1 17 13 5 7 15 11 14 2 6 8 18 12 10 16 4"
"MacGregor Downs Country Club","NC","Cary, NC","Byrd","69.8","126","","","6206","4 4 4 3 5 4 4 3 5 5 4 3 4 4 4 3 5 4","3 9 1 17 13 5 7 15 11 14 2 6 8 18 12 10 16 4"
"MacGregor Downs Country Club","NC","Cary, NC","White","68.9","123","74.4","135","5978","4 4 4 3 5 4 4 3 5 5 4 3 4 4 4 3 5 4","3 9 1 17 13 5 7 15 11 14 2 6 8 18 12 10 16 4"
"MacGregor Downs Country Club","NC","Cary, NC","Poole","67.8","117","72.7","130","5657","4 4 4 3 5 4 4 3 5 5 4 3 4 4 4 3 5 4","3 9 1 17 13 5 7 15 11 14 2 6 8 18 12 10 16 4"
"MacGregor Downs Country Club","NC","Cary, NC","Red","65.3","107","69.5","123","5121","4 4 4 3 5 4 4 3 5 5 4 3 4 4 4 3 5 4","3 9 1 17 13 5 7 15 11 14 2 6 8 18 12 10 16 4"
"Bradford Creek Public Golf Course","NC","Greenville, NC","Black","74","127","","","7151","4 5 3 4 5 4 3 4 4 5 3 4 4 5 4 3 4 4","10 2 18 6 8 4 16 12 14 13 17 3 7 5 15 9 1 11"
"Bradford Creek Public Golf Course","NC","Greenville, NC","Blue","71.5","122","","","6673","4 5 3 4 5 4 3 4 4 5 3 4 4 5 4 3 4 4","10 2 18 6 8 4 16 12 14 13 17 3 7 5 15 9 1 11"
"Bradford Creek Public Golf Course","NC","Greenville, NC","Gold","69.2","115","","","6189","4 5 3 4 5 4 3 4 4 5 3 4 4 5 4 3 4 4","10 2 18 6 8 4 16 12 14 13 17 3 7 5 15 9 1 11"
"Bradford Creek Public Golf Course","NC","Greenville, NC","White","66.8","111","72.4","122","5685","4 5 3 4 5 4 3 4 4 5 3 4 4 5 4 3 4 4","10 2 18 6 8 4 16 12 14 13 17 3 7 5 15 9 1 11"
"Bradford Creek Public Golf Course","NC","Greenville, NC","Red","","","69.3","114","5124","4 5 3 4 5 4 3 4 4 5 3 4 4 5 4 3 4 4","10 2 18 6 8 4 16 12 14 13 17 3 7 5 15 9 1 11"
"Umstead Pines Golf & Swim Club","NC","Durham, NC","Blue","70.4","128","","","6442","4 4 3 5 4 4 3 4 5 5 4 3 4 4 4 5 4 3","4 8 10 14 2 16 12 6 18 17 15 9 1 7 3 13 11 5"
"Umstead Pines Golf & Swim Club","NC","Durham, NC","White","68.8","122","","","6063","4 4 3 5 4 4 3 4 5 5 4 3 4 4 4 5 4 3","4 8 10 14 2 16 12 6 18 17 15 9 1 7 3 13 11 5"
"Umstead Pines Golf & Swim Club","NC","Durham, NC","Gold","66.7","113","","","5592","4 4 3 5 4 4 3 4 5 5 4 3 4 4 4 5 4 3","4 8 10 14 2 16 12 6 18 17 15 9 1 7 3 13 11 5"
"Umstead Pines Golf & Swim Club","NC","Durham, NC","Red","","","69","114","5044","4 4 3 5 4 4 3 4 5 5 4 3 4 4 4 5 4 3","4 8 10 14 2 16 12 6 18 17 15 9 1 7 3 13 11 5"
"The Emerald Golf Club","NC","New Bern, NC","Emerald","74","136","","","6924","4 3 4 4 5 3 4 5 4 4 3 4 5 4 3 4 5 4","9 17 11 7 3 15 1 13 5 8 16 6 4 14 10 12 18 2"
"The Emerald Golf Club","NC","New Bern, NC","Black","71.7","129","","","6483","4 3 4 4 5 3 4 5 4 4 3 4 5 4 3 4 5 4","9 17 11 7 3 15 1 13 5 8 16 6 4 14 10 12 18 2"
"The Emerald Golf Club","NC","New Bern, NC","Blue","70.2","126","","","6123","4 3 4 4 5 3 4 5 4 4 3 4 5 4 3 4 5 4","9 17 11 7 3 15 1 13 5 8 16 6 4 14 10 12 18 2"
"The Emerald Golf Club","NC","New Bern, NC","White","67.3","118","","","5497","4 3 4 4 5 3 4 5 4 4 3 4 5 4 3 4 5 4","9 17 11 7 3 15 1 13 5 8 16 6 4 14 10 12 18 2"
"The Emerald Golf Club","NC","New Bern, NC","Gold","64.4","107","68.7","116","4893","4 3 4 4 5 3 4 5 4 4 3 4 5 4 3 4 5 4","9 17 11 7 3 15 1 13 5 8 16 6 4 14 10 12 18 2"
"The Emerald Golf Club","NC","New Bern, NC","Red","","","64.8","106","4203","4 3 4 4 5 3 4 5 4 4 3 4 5 4 3 4 5 4","9 17 11 7 3 15 1 13 5 8 16 6 4 14 10 12 18 2"
"Ballantyne Country Club","NC","Charlotte, NC","Black","74.5","139","","","7015","4 4 3 4 5 4 5 3 4 4 5 3 4 4 4 4 3 5","9 13 17 7 5 1 3 15 11 6 12 18 14 2 4 8 16 10"
"Ballantyne Country Club","NC","Charlotte, NC","Gold","73.1","136","","","6701","4 4 3 4 5 4 5 3 4 4 5 3 4 4 4 4 3 5","9 13 17 7 5 1 3 15 11 6 12 18 14 2 4 8 16 10"
"Ballantyne Country Club","NC","Charlotte, NC","Blue","72.1","133","","","6472","4 4 3 4 5 4 5 3 4 4 5 3 4 4 4 4 3 5","9 13 17 7 5 1 3 15 11 6 12 18 14 2 4 8 16 10"
"Ballantyne Country Club","NC","Charlotte, NC","White","70.2","127","","","6089","4 4 3 4 5 4 5 3 4 4 5 3 4 4 4 4 3 5","9 13 17 7 5 1 3 15 11 6 12 18 14 2 4 8 16 10"
"Ballantyne Country Club","NC","Charlotte, NC","Jones","68.3","123","","","5724","4 4 3 4 5 4 5 3 4 4 5 3 4 4 4 4 3 5","9 13 17 7 5 1 3 15 11 6 12 18 14 2 4 8 16 10"
"Ballantyne Country Club","NC","Charlotte, NC","Yellow","","","71","129","5266","4 4 3 4 5 4 5 3 4 4 5 3 4 4 4 4 3 5","9 13 17 7 5 1 3 15 11 6 12 18 14 2 4 8 16 10"
"Ballantyne Country Club","NC","Charlotte, NC","Red","","","69","126","4852","4 4 3 4 5 4 5 3 4 4 5 3 4 4 4 4 3 5","9 13 17 7 5 1 3 15 11 6 12 18 14 2 4 8 16 10"
"Firethorne Country Club","NC","Marvin, NC","Firethorne","74.3","147","","","6904","4 4 3 5 4 4 4 3 4 4 4 3 5 4 3 4 5 4","7 11 17 13 5 9 1 15 3 6 12 14 8 2 16 10 18 4"
"Firethorne Country Club","NC","Marvin, NC","Black","71.8","141","","","6406","4 4 3 5 4 4 4 3 4 4 4 3 5 4 3 4 5 4","7 11 17 13 5 9 1 15 3 6 12 14 8 2 16 10 18 4"
"Firethorne Country Club","NC","Marvin, NC","Sedgefield","69.9","135","","","6005","4 4 3 5 4 4 4 3 4 4 4 3 5 4 3 4 5 4","7 11 17 13 5 9 1 15 3 6 12 14 8 2 16 10 18 4"
"Firethorne Country Club","NC","Marvin, NC","Gold","67.8","129","","","5551","4 4 3 5 4 4 4 3 4 4 4 3 5 4 3 4 5 4","7 11 17 13 5 9 1 15 3 6 12 14 8 2 16 10 18 4"
"Firethorne Country Club","NC","Marvin, NC","Green","67.7","123","","","4626","4 4 3 5 4 4 4 3 4 4 4 3 5 4 3 4 5 4","7 11 17 13 5 9 1 15 3 6 12 14 8 2 16 10 18 4"
"Mimosa Hills Country Club","NC","NC","Black","72.8","137","","","6755","4 4 5 4 4 3 5 4 3 4 4 5 3 5 4 4 3 4","5 7 11 13 9 15 3 1 17 10 12 4 16 2 6 14 18 8"
"Mimosa Hills Country Club","NC","NC","Blue","71.6","133","","","6493","4 4 5 4 4 3 5 4 3 4 4 5 3 5 4 4 3 4","5 7 11 13 9 15 3 1 17 10 12 4 16 2 6 14 18 8"
"Mimosa Hills Country Club","NC","NC","White","70.8","131","76.4","137","6274","4 4 5 4 4 3 5 4 3 4 4 5 3 5 4 4 3 4","5 7 11 13 9 15 3 1 17 10 12 4 16 2 6 14 18 8"
"Mimosa Hills Country Club","NC","NC","Gold","68.3","127","73.8","131","5810","4 4 5 4 4 3 5 4 3 4 4 5 3 5 4 4 3 4","5 7 11 13 9 15 3 1 17 10 12 4 16 2 6 14 18 8"
"Mimosa Hills Country Club","NC","NC","Red","65.2","110","69.2","119","5008","4 4 5 4 4 3 5 4 3 4 4 5 3 5 4 4 3 4","5 7 11 13 9 15 3 1 17 10 12 4 16 2 6 14 18 8"
"Oak Valley Golf Club","NC","Advance, NC","Black","74.1","143","","","7033","4 5 4 4 4 3 5 3 4 4 3 4 4 4 5 3 4 5","9 5 3 11 13 15 1 17 7 6 18 8 10 14 2 16 12 4"
"Oak Valley Golf Club","NC","Advance, NC","Blue","72","133","","","6682","4 5 4 4 4 3 5 3 4 4 3 4 4 4 5 3 4 5","9 5 3 11 13 15 1 17 7 6 18 8 10 14 2 16 12 4"
"Oak Valley Golf Club","NC","Advance, NC","White","68.9","122","74.4","133","6036","4 5 4 4 4 3 5 3 4 4 3 4 4 4 5 3 4 5","9 5 3 11 13 15 1 17 7 6 18 8 10 14 2 16 12 4"
"Oak Valley Golf Club","NC","Advance, NC","Gold","67.9","115","72.5","123","5672","4 5 4 4 4 3 5 3 4 4 3 4 4 4 5 3 4 5","9 5 3 11 13 15 1 17 7 6 18 8 10 14 2 16 12 4"
"Oak Valley Golf Club","NC","Advance, NC","Red","63.9","103","68.2","112","4857","4 5 4 4 4 3 5 3 4 4 3 4 4 4 5 3 4 5","9 5 3 11 13 15 1 17 7 6 18 8 10 14 2 16 12 4"
"Bermuda Run Country Club","NC","Advance, NC","Championship","74.4","139","","","7082","4 4 3 5 4 5 4 3 4 5 4 3 4 4 4 3 5 4","15 1 17 7 3 5 9 13 11 8 16 18 14 2 4 10 6 12"
"Bermuda Run Country Club","NC","Advance, NC","Blue","71.6","133","","","6591","4 4 3 5 4 5 4 3 4 5 4 3 4 4 4 3 5 4","15 1 17 7 3 5 9 13 11 8 16 18 14 2 4 10 6 12"
"Bermuda Run Country Club","NC","Advance, NC","White","70.1","126","76","139","6165","4 4 3 5 4 5 4 3 4 5 4 3 4 4 4 3 5 4","15 1 17 7 3 5 9 13 11 8 16 18 14 2 4 10 6 12"
"Bermuda Run Country Club","NC","Advance, NC","Red","66.6","115","71.5","125","5380","4 4 3 5 4 5 4 3 4 5 4 3 4 4 4 3 5 4","15 1 17 7 3 5 9 13 11 8 16 18 14 2 4 10 6 12"
"Bermuda Run Country Club","NC","Advance, NC","Green","","","66.9","113","4508","4 4 3 5 4 5 4 3 4 5 4 3 4 4 4 3 5 4","15 1 17 7 3 5 9 13 11 8 16 18 14 2 4 10 6 12"
"Salem Glen Country Club","NC","Clemmons, NC","Gold","73.1","138","","","6714","4 3 4 5 4 4 5 3 4 4 4 3 4 5 4 4 3 4","3 15 7 1 9 13 5 11 17 12 18 16 10 4 2 8 14 6"
"Salem Glen Country Club","NC","Clemmons, NC","Blue","71.2","134","","","6297","4 3 4 5 4 4 5 3 4 4 4 3 4 5 4 4 3 4","3 15 7 1 9 13 5 11 17 12 18 16 10 4 2 8 14 6"
"Salem Glen Country Club","NC","Clemmons, NC","Member","70.2","132","","","6063","4 3 4 5 4 4 5 3 4 4 4 3 4 5 4 4 3 4","3 15 7 1 9 13 5 11 17 12 18 16 10 4 2 8 14 6"
"Salem Glen Country Club","NC","Clemmons, NC","White","68.5","129","","","5835","4 3 4 5 4 4 5 3 4 4 4 3 4 5 4 4 3 4","3 15 7 1 9 13 5 11 17 12 18 16 10 4 2 8 14 6"
"Salem Glen Country Club","NC","Clemmons, NC","Green","66.6","116","","","5250","4 3 4 5 4 4 5 3 4 4 4 3 4 5 4 4 3 4","3 15 7 1 9 13 5 11 17 12 18 16 10 4 2 8 14 6"
"Salem Glen Country Club","NC","Clemmons, NC","Red","63.6","107","68","118","4606","4 3 4 5 4 4 5 3 4 4 4 3 4 5 4 4 3 4","3 15 7 1 9 13 5 11 17 12 18 16 10 4 2 8 14 6"
"Gates Four Golf & Country Club","NC","Fayetteville, NC","Black","73.3","132","","","6895","4 4 3 5 4 4 3 4 5 4 3 4 5 4 3 4 5 4","9 7 11 17 5 1 13 3 15 18 16 2 8 10 14 12 6 4"
"Gates Four Golf & Country Club","NC","Fayetteville, NC","Blue","71.1","120","","","6433","4 4 3 5 4 4 3 4 5 4 3 4 5 4 3 4 5 4","9 7 11 17 5 1 13 3 15 18 16 2 8 10 14 12 6 4"
"Gates Four Golf & Country Club","NC","Fayetteville, NC","White","69.5","126","","","6072","4 4 3 5 4 4 3 4 5 4 3 4 5 4 3 4 5 4","9 7 11 17 5 1 13 3 15 18 16 2 8 10 14 12 6 4"
"Gates Four Golf & Country Club","NC","Fayetteville, NC","Gold","66.6","113","","","5506","4 4 3 5 4 4 3 4 5 4 3 4 5 4 3 4 5 4","9 7 11 17 5 1 13 3 15 18 16 2 8 10 14 12 6 4"
"Gates Four Golf & Country Club","NC","Fayetteville, NC","Red","","","71.4","119","5365","4 4 3 5 4 4 3 4 5 4 3 4 5 4 3 4 5 4","9 7 11 17 5 1 13 3 15 18 16 2 8 10 14 12 6 4"
"Bayonet at Puppy Creek","NC","Raeford, NC","Professional","74.1","142","","","7021","5 4 3 4 5 4 4 4 3 4 4 4 4 3 5 3 4 5","7 1 15 3 13 9 11 5 17 14 8 16 4 6 12 10 2 18"
"Bayonet at Puppy Creek","NC","Raeford, NC","Championship","71.1","134","","","6472","5 4 3 4 5 4 4 4 3 4 4 4 4 3 5 3 4 5","7 1 15 3 13 9 11 5 17 14 8 16 4 6 12 10 2 18"
"Bayonet at Puppy Creek","NC","Raeford, NC","Regular","68.9","127","74","139","6019","5 4 3 4 5 4 4 4 3 4 4 4 4 3 5 3 4 5","7 1 15 3 13 9 11 5 17 14 8 16 4 6 12 10 2 18"
"Bayonet at Puppy Creek","NC","Raeford, NC","Senior/Ladies","66.2","116","70.7","128","5310","5 4 3 4 5 4 4 4 3 4 4 4 4 3 5 3 4 5","7 1 15 3 13 9 11 5 17 14 8 16 4 6 12 10 2 18"
"Bayonet at Puppy Creek","NC","Raeford, NC","Ladies/Juniors","66.7","111","","","4453","5 4 3 4 5 4 4 4 3 4 4 4 4 3 5 3 4 5","7 1 15 3 13 9 11 5 17 14 8 16 4 6 12 10 2 18"
"North Course","NC","NC","Championship Tees","74.8","145","","","7185","4 3 5 3 4 4 4 4 5 5 4 4 4 3 4 3 4 5","13 15 3 17 7 11 9 1 5 2 12 4 14 16 10 18 6 8"
"Pine Needles","NC","Southern Pines, NC","Medal","73.5","135","","","7015","5 4 3 4 3 4 4 4 4 5 4 4 3 4 5 3 4 4","11 5 17 9 7 1 3 15 13 4 12 14 16 2 6 18 8 10"
"Pine Needles","NC","Southern Pines, NC","Ross","70.6","126","","","6436","5 4 3 4 3 4 4 4 4 5 4 4 3 4 5 3 4 4","11 5 17 9 7 1 3 15 13 4 12 14 16 2 6 18 8 10"
"Pine Needles","NC","Southern Pines, NC","Regular","68.5","120","","","5985","5 4 3 4 3 4 4 4 4 5 4 4 3 4 5 3 4 4","11 5 17 9 7 1 3 15 13 4 12 14 16 2 6 18 8 10"
"Pine Needles","NC","Southern Pines, NC","Executive","66.8","115","","","5516","5 4 3 4 3 4 4 4 4 5 4 4 3 4 5 3 4 4","11 5 17 9 7 1 3 15 13 4 12 14 16 2 6 18 8 10"
"Pine Needles","NC","Southern Pines, NC","Forward","","","68.6","119","4936","5 4 3 4 3 4 4 4 4 5 4 4 3 4 5 3 4 4","11 5 17 9 7 1 3 15 13 4 12 14 16 2 6 18 8 10"
"Mid South Club","NC","NC","Gold","73.8","144","","","7003","4 4 3 5 4 3 4 4 5 4 3 4 4 4 5 4 3 4","12 4 18 10 2 16 14 8 6 11 17 1 9 3 13 7 15 5"
"Mid South Club","NC","NC","Blue","71.9","134","","","6577","4 4 3 5 4 3 4 4 5 4 3 4 4 4 5 4 3 4","12 4 18 10 2 16 14 8 6 11 17 1 9 3 13 7 15 5"
"Mid South Club","NC","NC","White","69.9","128","76.3","143","6170","4 4 3 5 4 3 4 4 5 4 3 4 4 4 5 4 3 4","12 4 18 10 2 16 14 8 6 11 17 1 9 3 13 7 15 5"
"Mid South Club","NC","NC","Green","68","117","72.7","137","5655","4 4 3 5 4 3 4 4 5 4 3 4 4 4 5 4 3 4","12 4 18 10 2 16 14 8 6 11 17 1 9 3 13 7 15 5"
"Mid South Club","NC","NC","Red","63.5","111","68","117","4773","4 4 3 5 4 3 4 4 5 4 3 4 4 4 5 4 3 4","12 4 18 10 2 16 14 8 6 11 17 1 9 3 13 7 15 5"
"Country Club of North Carolina - Cardinal","NC","Pinehurst, NC","Black","75.2","140","","","7215","4 5 3 4 4 4 3 4 5 4 5 3 4 4 5 4 3 4","17 13 5 11 1 7 15 3 9 6 14 16 10 2 18 4 12 8"
"Country Club of North Carolina - Cardinal","NC","Pinehurst, NC","Gold","73","138","","","6756","4 5 3 4 4 4 3 4 5 4 5 3 4 4 5 4 3 4","17 13 5 11 1 7 15 3 9 6 14 16 10 2 18 4 12 8"
"Country Club of North Carolina - Cardinal","NC","Pinehurst, NC","Blue","71.1","132","","","6336","4 5 3 4 4 4 3 4 5 4 5 3 4 4 5 4 3 4","17 13 5 11 1 7 15 3 9 6 14 16 10 2 18 4 12 8"
"Country Club of North Carolina - Cardinal","NC","Pinehurst, NC","Blue/White","69.2","127","","","6023","4 5 3 4 4 4 3 4 5 4 5 3 4 4 5 4 3 4","17 13 5 11 1 7 15 3 9 6 14 16 10 2 18 4 12 8"
"Country Club of North Carolina - Cardinal","NC","Pinehurst, NC","White","68","123","73.9","135","5756","4 5 3 4 4 4 3 4 5 4 5 3 4 4 5 4 3 4","17 13 5 11 1 7 15 3 9 6 14 16 10 2 18 4 12 8"
"Country Club of North Carolina - Cardinal","NC","Pinehurst, NC","Green","65.4","113","70.4","121","5114","4 5 3 4 4 4 3 4 5 4 5 3 4 4 5 4 3 4","17 13 5 11 1 7 15 3 9 6 14 16 10 2 18 4 12 8"
"Country Club of North Carolina - Cardinal","NC","Pinehurst, NC","Green/Red","","","66.7","115","4524","4 5 3 4 4 4 3 4 5 4 5 3 4 4 5 4 3 4","17 13 5 11 1 7 15 3 9 6 14 16 10 2 18 4 12 8"
"Country Club of North Carolina - Cardinal","NC","Pinehurst, NC","Red","","","65.4","113","4281","4 5 3 4 4 4 3 4 5 4 5 3 4 4 5 4 3 4","17 13 5 11 1 7 15 3 9 6 14 16 10 2 18 4 12 8"
"Country Club of North Carolina - Dogwood","NC","Pinehurst, NC","Black","74.9","135","","","7301","4 4 3 4 5 4 4 3 5 4 4 5 3 4 4 3 4 5","7 5 17 9 15 1 3 11 13 16 6 14 18 10 2 12 4 8"
"Country Club of North Carolina - Dogwood","NC","Pinehurst, NC","Gold","73.1","131","","","6914","4 4 3 4 5 4 4 3 5 4 4 5 3 4 4 3 4 5","7 5 17 9 15 1 3 11 13 16 6 14 18 10 2 12 4 8"
"Country Club of North Carolina - Dogwood","NC","Pinehurst, NC","Blue","71.3","127","","","6440","4 4 3 4 5 4 4 3 5 4 4 5 3 4 4 3 4 5","7 5 17 9 15 1 3 11 13 16 6 14 18 10 2 12 4 8"
"Country Club of North Carolina - Dogwood","NC","Pinehurst, NC","White","68.6","124","75.3","132","5975","4 4 3 4 5 4 4 3 5 4 4 5 3 4 4 3 4 5","7 5 17 9 15 1 3 11 13 16 6 14 18 10 2 12 4 8"
"Country Club of North Carolina - Dogwood","NC","Pinehurst, NC","Green","65.8","117","71.4","127","5352","4 4 3 4 5 4 4 3 5 4 4 5 3 4 4 3 4 5","7 5 17 9 15 1 3 11 13 16 6 14 18 10 2 12 4 8"
"Country Club of North Carolina - Dogwood","NC","Pinehurst, NC","Green/Red","","","69.2","122","5009","4 4 3 4 5 4 4 3 5 4 4 5 3 4 4 3 4 5","7 5 17 9 15 1 3 11 13 16 6 14 18 10 2 12 4 8"
"Country Club of North Carolina - Dogwood","NC","Pinehurst, NC","Red","","","67","118","4665","4 4 3 4 5 4 4 3 5 4 4 5 3 4 4 3 4 5","7 5 17 9 15 1 3 11 13 16 6 14 18 10 2 12 4 8"
"Grey Fox","NC","NC","Blue","73.1","131","","","6851","5 3 5 4 4 4 3 4 4 4 4 3 5 4 4 5 3 4","13 7 15 1 11 9 17 3 5 14 4 16 10 2 8 18 12 6"
"Grey Fox","NC","NC","White","70.4","128","76.9","132","6286","5 3 5 4 4 4 3 4 4 4 4 3 5 4 4 5 3 4","13 7 15 1 11 9 17 3 5 14 4 16 10 2 8 18 12 6"
"Grey Fox","NC","NC","Yellow","68.4","121","74.3","130","5864","5 3 5 4 4 4 3 4 4 4 4 3 5 4 4 5 3 4","13 7 15 1 11 9 17 3 5 14 4 16 10 2 8 18 12 6"
"Grey Fox","NC","NC","Red","66.3","114","71.2","123","5256","5 3 5 4 4 4 3 4 4 4 4 3 5 4 4 5 3 4","13 7 15 1 11 9 17 3 5 14 4 16 10 2 8 18 12 6"
"Maples","NC","NC","Gold","75.6","139","","","7255","4 5 4 3 4 4 5 3 4 5 4 3 4 4 4 4 3 5","17 7 11 15 3 5 9 13 1 10 8 18 6 4 12 2 16 14"
"Devils Ridge Golf Club","NC","Holly Springs, NC","Black","74.3","142","","","7032","4 3 4 4 4 5 4 3 5 4 4 3 5 3 4 4 4 5","5 17 7 11 15 9 1 13 3 12 16 10 14 18 6 2 4 8"
"Devils Ridge Golf Club","NC","Holly Springs, NC","Magnolia","73.2","136","","","6769","4 3 4 4 4 5 4 3 5 4 4 3 5 3 4 4 4 5","5 17 7 11 15 9 1 13 3 12 16 10 14 18 6 2 4 8"
"Devils Ridge Golf Club","NC","Holly Springs, NC","Blue","71.5","132","77.9","141","6482","4 3 4 4 4 5 4 3 5 4 4 3 5 3 4 4 4 5","5 17 7 11 15 9 1 13 3 12 16 10 14 18 6 2 4 8"
"Devils Ridge Golf Club","NC","Holly Springs, NC","Dogwood","69.7","128","75.8","138","6134","4 3 4 4 4 5 4 3 5 4 4 3 5 3 4 4 4 5","5 17 7 11 15 9 1 13 3 12 16 10 14 18 6 2 4 8"
"Devils Ridge Golf Club","NC","Holly Springs, NC","White","68.4","125","74.2","135","5852","4 3 4 4 4 5 4 3 5 4 4 3 5 3 4 4 4 5","5 17 7 11 15 9 1 13 3 12 16 10 14 18 6 2 4 8"
"Devils Ridge Golf Club","NC","Holly Springs, NC","Holly","67.2","119","72.5","130","5532","4 3 4 4 4 5 4 3 5 4 4 3 5 3 4 4 4 5","5 17 7 11 15 9 1 13 3 12 16 10 14 18 6 2 4 8"
"Devils Ridge Golf Club","NC","Holly Springs, NC","Yellow","66","114","70.7","125","5244","4 3 4 4 4 5 4 3 5 4 4 3 5 3 4 4 4 5","5 17 7 11 15 9 1 13 3 12 16 10 14 18 6 2 4 8"
"Devils Ridge Golf Club","NC","Holly Springs, NC","Lantana","64.1","108","68.4","120","4812","4 3 4 4 4 5 4 3 5 4 4 3 5 3 4 4 4 5","5 17 7 11 15 9 1 13 3 12 16 10 14 18 6 2 4 8"
"Devils Ridge Golf Club","NC","Holly Springs, NC","Red","62.8","104","66.1","113","4438","4 3 4 4 4 5 4 3 5 4 4 3 5 3 4 4 4 5","5 17 7 11 15 9 1 13 3 12 16 10 14 18 6 2 4 8"
"12 Oaks","NC","NC","Gold","75.1","148","","","7093","4 4 3 4 5 4 5 3 4 4 3 4 5 4 3 4 5 4","5 11 13 1 9 15 3 17 7 2 8 16 18 4 14 10 12 6"
"12 Oaks","NC","NC","Blue","72","138","78.7","151","6545","4 4 3 4 5 4 5 3 4 4 3 4 5 4 3 4 5 4","5 11 13 1 9 15 3 17 7 2 8 16 18 4 14 10 12 6"
"12 Oaks","NC","NC","White","69.8","127","75.4","144","5985","4 4 3 4 5 4 5 3 4 4 3 4 5 4 3 4 5 4","5 11 13 1 9 15 3 17 7 2 8 16 18 4 14 10 12 6"
"12 Oaks","NC","NC","Red","65.2","116","69.9","125","5026","4 4 3 4 5 4 5 3 4 4 3 4 5 4 3 4 5 4","5 11 13 1 9 15 3 17 7 2 8 16 18 4 14 10 12 6"
"Creek Course","NC","NC","Black","73.2","131","","","6792","4 4 5 3 4 4 3 5 4 3 5 4 4 4 5 3 4 4","7 13 1 15 3 9 17 5 11 14 8 4 12 18 2 16 6 10"
"The Preserve at Jordan Lake Golf Club","NC","Chapel Hill, NC","Love","74.7","144","","","7107","5 4 3 4 4 3 4 4 5 4 3 4 4 5 4 5 3 4","7 3 13 5 11 17 15 1 9 2 16 10 8 12 14 4 18 6"
"The Preserve at Jordan Lake Golf Club","NC","Chapel Hill, NC","Blue","72.3","138","","","6612","5 4 3 4 4 3 4 4 5 4 3 4 4 5 4 5 3 4","7 3 13 5 11 17 15 1 9 2 16 10 8 12 14 4 18 6"
"The Preserve at Jordan Lake Golf Club","NC","Chapel Hill, NC","White","70.3","126","76.6","145","6161","5 4 3 4 4 3 4 4 5 4 3 4 4 5 4 5 3 4","7 3 13 5 11 17 15 1 9 2 16 10 8 12 14 4 18 6"
"The Preserve at Jordan Lake Golf Club","NC","Chapel Hill, NC","Gold","68.3","115","74.2","139","5715","5 4 3 4 4 3 4 4 5 4 3 4 4 5 4 5 3 4","7 3 13 5 11 17 15 1 9 2 16 10 8 12 14 4 18 6"
"The Preserve at Jordan Lake Golf Club","NC","Chapel Hill, NC","Burgandy","","","72.5","129","5361","5 4 3 4 4 3 4 4 5 4 3 4 4 5 4 5 3 4","7 3 13 5 11 17 15 1 9 2 16 10 8 12 14 4 18 6"
"Eagle Ridge Golf Club","NC","Raleigh, NC","Black","73","131","","","6904","4 3 4 3 4 4 5 3 5 5 3 4 3 5 3 4 5 4","13 5 3 11 9 15 17 7 1 6 16 2 18 10 14 8 12 4"
"Eagle Ridge Golf Club","NC","Raleigh, NC","White","70","126","","","6331","4 3 4 3 4 4 5 3 5 5 3 4 3 5 3 4 5 4","13 5 3 11 9 15 17 7 1 6 16 2 18 10 14 8 12 4"
"Eagle Ridge Golf Club","NC","Raleigh, NC","Gold","67.6","121","","","5724","4 3 4 3 4 4 5 3 5 5 3 4 3 5 3 4 5 4","13 5 3 11 9 15 17 7 1 6 16 2 18 10 14 8 12 4"
"Eagle Ridge Golf Club","NC","Raleigh, NC","Mens","67.5","126","","","5701","4 3 4 3 4 4 5 3 5 5 3 4 3 5 3 4 5 4","13 5 3 11 9 15 17 7 1 6 16 2 18 10 14 8 12 4"
"Eagle Ridge Golf Club","NC","Raleigh, NC","Red","68.7","122","","","5007","4 3 4 3 4 4 5 3 5 5 3 4 3 5 3 4 5 4","13 5 3 11 9 15 17 7 1 6 16 2 18 10 14 8 12 4"
"Treyburn Country Club","NC","Durham, NC","Gold","74.1","137","","","7175","4 3 4 5 4 4 3 4 5 4 5 4 3 4 5 4 3 4","13 17 1 5 3 11 15 7 9 14 12 6 18 2 4 10 16 8"
"Treyburn Country Club","NC","Durham, NC","Blue","72.1","133","","","6775","4 3 4 5 4 4 3 4 5 4 5 4 3 4 5 4 3 4","13 17 1 5 3 11 15 7 9 14 12 6 18 2 4 10 16 8"
"Treyburn Country Club","NC","Durham, NC","White","70","129","","","6302","4 3 4 5 4 4 3 4 5 4 5 4 3 4 5 4 3 4","13 17 1 5 3 11 15 7 9 14 12 6 18 2 4 10 16 8"
"Treyburn Country Club","NC","Durham, NC","Green","","","66.8","120","5581","4 3 4 5 4 4 3 4 5 4 5 4 3 4 5 4 3 4","13 17 1 5 3 11 15 7 9 14 12 6 18 2 4 10 16 8"
"Treyburn Country Club","NC","Durham, NC","Red","","","69.6","122","5181","4 3 4 5 4 4 3 4 5 4 5 4 3 4 5 4 3 4","13 17 1 5 3 11 15 7 9 14 12 6 18 2 4 10 16 8"
"Treyburn Country Club","NC","Durham, NC","Black","","","61.5","96","3604","4 3 4 5 4 4 3 4 5 4 5 4 3 4 5 4 3 4","13 17 1 5 3 11 15 7 9 14 12 6 18 2 4 10 16 8"
"Brier Creek Country Club","NC","Raleigh, NC","Gold","73","136","","","7029","4 5 4 3 5 4 4 3 4 4 4 5 4 3 5 3 4 4","13 7 9 17 11 3 1 15 5 2 4 10 18 16 8 12 14 6"
"Brier Creek Country Club","NC","Raleigh, NC","Black","72","132","","","6793","4 5 4 3 5 4 4 3 4 4 4 5 4 3 5 3 4 4","13 7 9 17 11 3 1 15 5 2 4 10 18 16 8 12 14 6"
"Brier Creek Country Club","NC","Raleigh, NC","Blue","70.6","129","77","139","6518","4 5 4 3 5 4 4 3 4 4 4 5 4 3 5 3 4 4","13 7 9 17 11 3 1 15 5 2 4 10 18 16 8 12 14 6"
"Brier Creek Country Club","NC","Raleigh, NC","Silver","69.5","127","75.5","136","6298","4 5 4 3 5 4 4 3 4 4 4 5 4 3 5 3 4 4","13 7 9 17 11 3 1 15 5 2 4 10 18 16 8 12 14 6"
"Brier Creek Country Club","NC","Raleigh, NC","White","68.1","124","73.8","131","6078","4 5 4 3 5 4 4 3 4 4 4 5 4 3 5 3 4 4","13 7 9 17 11 3 1 15 5 2 4 10 18 16 8 12 14 6"
"Brier Creek Country Club","NC","Raleigh, NC","Red","65.1","115","70.4","123","5375","4 5 4 3 5 4 4 3 4 4 4 5 4 3 5 3 4 4","13 7 9 17 11 3 1 15 5 2 4 10 18 16 8 12 14 6"
"Roxboro Country Club","NC","Roxboro, NC","Blue","67.4","121","","","5665","4 3 4 5 3 5 4 4 5 3 4 5 3 3 4 4 3 5","9 3 7 1 5 11 17 13 15 10 12 14 2 16 4 8 18 6"
"Roxboro Country Club","NC","Roxboro, NC","White","65.7","112","","","5251","4 3 4 5 3 5 4 4 5 3 4 5 3 3 4 4 3 5","9 3 7 1 5 11 17 13 15 10 12 14 2 16 4 8 18 6"
"Roxboro Country Club","NC","Roxboro, NC","Gold","64","104","64.2","106","4832","4 3 4 5 3 5 4 4 5 3 4 5 3 3 4 4 3 5","9 3 7 1 5 11 17 13 15 10 12 14 2 16 4 8 18 6"
"Roxboro Country Club","NC","Roxboro, NC","Red","62.7","102","65.5","111","4405","4 3 4 5 3 5 4 4 5 3 4 5 3 3 4 4 3 5","9 3 7 1 5 11 17 13 15 10 12 14 2 16 4 8 18 6"
"Kerr Lake Country Club","NC","Henderson, NC","Blue","71.6","125","","","6430","5 4 3 4 4 5 4 3 4 5 3 4 4 4 3 5 4 4","10 14 8 2 4 18 6 16 12 9 3 17 1 5 13 11 7 15"
"Kerr Lake Country Club","NC","Henderson, NC","White","69.4","120","","","6185","5 4 3 4 4 5 4 3 4 5 3 4 4 4 3 5 4 4","10 14 8 2 4 18 6 16 12 9 3 17 1 5 13 11 7 15"
"Kerr Lake Country Club","NC","Henderson, NC","Red","","","67.5","111","4799","5 4 3 4 4 5 4 3 4 5 3 4 4 4 3 5 4 4","10 14 8 2 4 18 6 16 12 9 3 17 1 5 13 11 7 15"
"Olde Liberty Golf Club","NC","Youngsville, NC","Black","74.4","139","","","7200","4 5 3 4 5 4 4 3 4 5 4 3 4 4 3 4 4 5","13 9 15 1 7 5 11 17 3 8 2 16 12 18 14 4 10 6"
"Olde Liberty Golf Club","NC","Youngsville, NC","Blue","72.3","133","","","6798","4 5 3 4 5 4 4 3 4 5 4 3 4 4 3 4 4 5","13 9 15 1 7 5 11 17 3 8 2 16 12 18 14 4 10 6"
"Olde Liberty Golf Club","NC","Youngsville, NC","White","70.2","128","","","6389","4 5 3 4 5 4 4 3 4 5 4 3 4 4 3 4 4 5","13 9 15 1 7 5 11 17 3 8 2 16 12 18 14 4 10 6"
"Olde Liberty Golf Club","NC","Youngsville, NC","Gold","68.4","124","","","5718","4 5 3 4 5 4 4 3 4 5 4 3 4 4 3 4 4 5","13 9 15 1 7 5 11 17 3 8 2 16 12 18 14 4 10 6"
"Olde Liberty Golf Club","NC","Youngsville, NC","Red","70.3","115","","","5060","4 5 3 4 5 4 4 3 4 5 4 3 4 4 3 4 4 5","13 9 15 1 7 5 11 17 3 8 2 16 12 18 14 4 10 6"
"TPC Wakefield Plantation","NC","Raleigh, NC","Gold","75","136","","","7236","4 4 3 4 4 5 3 4 4 4 3 4 5 3 4 4 4 5","13 9 11 15 3 7 17 1 5 2 16 14 12 18 4 8 6 10"
"TPC Wakefield Plantation","NC","Raleigh, NC","Blue","73.2","132","","","6846","4 4 3 4 4 5 3 4 4 4 3 4 5 3 4 4 4 5","13 9 11 15 3 7 17 1 5 2 16 14 12 18 4 8 6 10"
"TPC Wakefield Plantation","NC","Raleigh, NC","Blue/White","71.8","131","","","6599","4 4 3 4 4 5 3 4 4 4 3 4 5 3 4 4 4 5","13 9 11 15 3 7 17 1 5 2 16 14 12 18 4 8 6 10"
"TPC Wakefield Plantation","NC","Raleigh, NC","White","70.7","130","","","6397","4 4 3 4 4 5 3 4 4 4 3 4 5 3 4 4 4 5","13 9 11 15 3 7 17 1 5 2 16 14 12 18 4 8 6 10"
"TPC Wakefield Plantation","NC","Raleigh, NC","White/Green","69.4","127","","","6084","4 4 3 4 4 5 3 4 4 4 3 4 5 3 4 4 4 5","13 9 11 15 3 7 17 1 5 2 16 14 12 18 4 8 6 10"
"TPC Wakefield Plantation","NC","Raleigh, NC","Green","68.5","126","","","5938","4 4 3 4 4 5 3 4 4 4 3 4 5 3 4 4 4 5","13 9 11 15 3 7 17 1 5 2 16 14 12 18 4 8 6 10"
"TPC Wakefield Plantation","NC","Raleigh, NC","Red","69.4","123","","","5090","4 4 3 4 4 5 3 4 4 4 3 4 5 3 4 4 4 5","13 9 11 15 3 7 17 1 5 2 16 14 12 18 4 8 6 10"
"TPC Wakefield Plantation","NC","Raleigh, NC","Silver","64.9","114","","","4284","4 4 3 4 4 5 3 4 4 4 3 4 5 3 4 4 4 5","13 9 11 15 3 7 17 1 5 2 16 14 12 18 4 8 6 10"
"The Heritage Club","NC","Wake Forest, NC","Black","73.1","133","","","7016","5 4 4 4 3 5 4 3 4 4 4 3 4 5 4 4 3 5","15 1 13 3 9 11 5 17 7 4 14 16 8 6 2 12 18 10"
"The Heritage Club","NC","Wake Forest, NC","Blue","71.2","128","","","6630","5 4 4 4 3 5 4 3 4 4 4 3 4 5 4 4 3 5","15 1 13 3 9 11 5 17 7 4 14 16 8 6 2 12 18 10"
"The Heritage Club","NC","Wake Forest, NC","White","69.4","123","75.1","134","6204","5 4 4 4 3 5 4 3 4 4 4 3 4 5 4 4 3 5","15 1 13 3 9 11 5 17 7 4 14 16 8 6 2 12 18 10"
"The Heritage Club","NC","Wake Forest, NC","Gold","67.2","115","72.7","130","5792","5 4 4 4 3 5 4 3 4 4 4 3 4 5 4 4 3 5","15 1 13 3 9 11 5 17 7 4 14 16 8 6 2 12 18 10"
"The Heritage Club","NC","Wake Forest, NC","Red","64.4","105","68.3","119","5053","5 4 4 4 3 5 4 3 4 4 4 3 4 5 4 4 3 5","15 1 13 3 9 11 5 17 7 4 14 16 8 6 2 12 18 10"
"Belmont Lake Golf Club","NC","Rocky Mount, NC","Black","74","135","","","7095","4 4 3 5 4 4 5 3 4 4 5 4 4 3 4 3 4 5","9 3 5 11 15 17 1 7 13 8 2 10 4 16 14 6 18 12"
"Belmont Lake Golf Club","NC","Rocky Mount, NC","Blue","71","128","","","6513","4 4 3 5 4 4 5 3 4 4 5 4 4 3 4 3 4 5","9 3 5 11 15 17 1 7 13 8 2 10 4 16 14 6 18 12"
"Belmont Lake Golf Club","NC","Rocky Mount, NC","White","69","124","74.5","134","6053","4 4 3 5 4 4 5 3 4 4 5 4 4 3 4 3 4 5","9 3 5 11 15 17 1 7 13 8 2 10 4 16 14 6 18 12"
"Belmont Lake Golf Club","NC","Rocky Mount, NC","Gold","65.8","116","71.1","125","5429","4 4 3 5 4 4 5 3 4 4 5 4 4 3 4 3 4 5","9 3 5 11 15 17 1 7 13 8 2 10 4 16 14 6 18 12"
"Belmont Lake Golf Club","NC","Rocky Mount, NC","Red","","","67.7","115","4834","4 4 3 5 4 4 5 3 4 4 5 4 4 3 4 3 4 5","9 3 5 11 15 17 1 7 13 8 2 10 4 16 14 6 18 12"
"Emerald Lake Golf Club","NC","Matthews, NC","Emerald","72.6","132","","","6820","4 4 3 4 5 4 3 4 4 4 4 4 3 5 4 3 4 5","17 3 11 13 7 15 9 5 1 16 18 2 14 12 8 4 6 10"
"Emerald Lake Golf Club","NC","Matthews, NC","Blue","71","127","","","6455","4 4 3 4 5 4 3 4 4 4 4 4 3 5 4 3 4 5","17 3 11 13 7 15 9 5 1 16 18 2 14 12 8 4 6 10"
"Emerald Lake Golf Club","NC","Matthews, NC","White","68.6","123","","","5963","4 4 3 4 5 4 3 4 4 4 4 4 3 5 4 3 4 5","17 3 11 13 7 15 9 5 1 16 18 2 14 12 8 4 6 10"
"Emerald Lake Golf Club","NC","Matthews, NC","Red","","","69.7","120","5120","4 4 3 4 5 4 3 4 4 4 4 4 3 5 4 3 4 5","17 3 11 13 7 15 9 5 1 16 18 2 14 12 8 4 6 10"
"Skybrook Golf Course","NC","Huntersville, NC","Championship","73.6","139","","","6998","4 3 4 5 4 4 3 5 4 4 5 4 4 3 4 3 4 5","7 15 5 13 3 11 17 9 1 4 12 14 6 16 8 18 2 10"
"Skybrook Golf Course","NC","Huntersville, NC","Black/Blue","72.7","138","","","6800","4 3 4 5 4 4 3 5 4 4 5 4 4 3 4 3 4 5","7 15 5 13 3 11 17 9 1 4 12 14 6 16 8 18 2 10"
"Skybrook Golf Course","NC","Huntersville, NC","Member","71.7","137","76.1","141","6564","4 3 4 5 4 4 3 5 4 4 5 4 4 3 4 3 4 5","7 15 5 13 3 11 17 9 1 4 12 14 6 16 8 18 2 10"
"Skybrook Golf Course","NC","Huntersville, NC","Middle","69.5","132","76.2","139","6103","4 3 4 5 4 4 3 5 4 4 5 4 4 3 4 3 4 5","7 15 5 13 3 11 17 9 1 4 12 14 6 16 8 18 2 10"
"Skybrook Golf Course","NC","Huntersville, NC","Forward","65.8","119","72","126","5405","4 3 4 5 4 4 3 5 4 4 5 4 4 3 4 3 4 5","7 15 5 13 3 11 17 9 1 4 12 14 6 16 8 18 2 10"
"Highland Creek Golf Club","NC","Charlotte, NC","Gold","74","137","","","7043","4 5 3 4 4 3 5 4 4 4 3 5 4 4 4 4 3 5","7 17 15 1 11 9 13 5 3 14 8 6 4 16 2 10 12 18"
"Highland Creek Golf Club","NC","Charlotte, NC","Blue","71.5","136","","","6520","4 5 3 4 4 3 5 4 4 4 3 5 4 4 4 4 3 5","7 17 15 1 11 9 13 5 3 14 8 6 4 16 2 10 12 18"
"Highland Creek Golf Club","NC","Charlotte, NC","White","68.6","130","74.9","140","6001","4 5 3 4 4 3 5 4 4 4 3 5 4 4 4 4 3 5","7 17 15 1 11 9 13 5 3 14 8 6 4 16 2 10 12 18"
"Highland Creek Golf Club","NC","Charlotte, NC","Red","64.9","123","69.8","134","5080","4 5 3 4 4 3 5 4 4 4 3 5 4 4 4 4 3 5","7 17 15 1 11 9 13 5 3 14 8 6 4 16 2 10 12 18"
"Mallard Head Country Club","NC","Mooresville, NC","Blue","73.3","126","","","6904","4 5 3 4 4 5 3 4 4 4 5 3 4 4 4 5 3 4","1 11 9 15 3 7 13 17 5 10 8 18 6 2 12 16 14 4"
"Mallard Head Country Club","NC","Mooresville, NC","White","70.9","123","","","6442","4 5 3 4 4 5 3 4 4 4 5 3 4 4 4 5 3 4","1 11 9 15 3 7 13 17 5 10 8 18 6 2 12 16 14 4"
"Mallard Head Country Club","NC","Mooresville, NC","Yellow","69.6","121","","","6233","4 5 3 4 4 5 3 4 4 4 5 3 4 4 4 5 3 4","1 11 9 15 3 7 13 17 5 10 8 18 6 2 12 16 14 4"
"Mallard Head Country Club","NC","Mooresville, NC","Red","71.8","124","","","5469","4 5 3 4 4 5 3 4 4 4 5 3 4 4 4 5 3 4","1 11 9 15 3 7 13 17 5 10 8 18 6 2 12 16 14 4"
"Mooresville Golf Course","NC","Mooresville, NC","Blue","73","135","","","6803","5 4 3 4 4 4 3 5 4 3 4 3 5 3 5 4 4 5","3 15 17 13 1 5 11 9 7 10 12 18 8 16 6 14 2 4"
"Mooresville Golf Course","NC","Mooresville, NC","White","70.6","130","","","6316","5 4 3 4 4 4 3 5 4 3 4 3 5 3 5 4 4 5","3 15 17 13 1 5 11 9 7 10 12 18 8 16 6 14 2 4"
"Mooresville Golf Course","NC","Mooresville, NC","White/Gold","69","126","","","5977","5 4 3 4 4 4 3 5 4 3 4 3 5 3 5 4 4 5","3 15 17 13 1 5 11 9 7 10 12 18 8 16 6 14 2 4"
"Mooresville Golf Course","NC","Mooresville, NC","Gold","67.6","119","","","5658","5 4 3 4 4 4 3 5 4 3 4 3 5 3 5 4 4 5","3 15 17 13 1 5 11 9 7 10 12 18 8 16 6 14 2 4"
"Mooresville Golf Course","NC","Mooresville, NC","Red","","","68.8","123","4895","5 4 3 4 4 4 3 5 4 3 4 3 5 3 5 4 4 5","3 15 17 13 1 5 11 9 7 10 12 18 8 16 6 14 2 4"
"Birkdale Golf Club","NC","Huntersville, NC","Gold","74.1","138","","","7013","4 3 4 4 5 3 4 5 3 4 4 3 5 4 4 3 5 4","11 17 3 13 1 9 15 5 7 18 4 16 2 8 12 14 10 6"
"Birkdale Golf Club","NC","Huntersville, NC","Blue","71.2","127","","","6485","4 3 4 4 5 3 4 5 3 4 4 3 5 4 4 3 5 4","11 17 3 13 1 9 15 5 7 18 4 16 2 8 12 14 10 6"
"Birkdale Golf Club","NC","Huntersville, NC","White","68.9","123","74.9","138","6053","4 3 4 4 5 3 4 5 3 4 4 3 5 4 4 3 5 4","11 17 3 13 1 9 15 5 7 18 4 16 2 8 12 14 10 6"
"Birkdale Golf Club","NC","Huntersville, NC","Green","69.7","123","","","5175","4 3 4 4 5 3 4 5 3 4 4 3 5 4 4 3 5 4","11 17 3 13 1 9 15 5 7 18 4 16 2 8 12 14 10 6"
"Birkdale Golf Club","NC","Huntersville, NC","Green (Alt)","65.7","119","","","5175","4 3 4 4 5 3 4 5 3 4 4 3 5 4 4 3 5 4","11 17 3 13 1 9 15 5 7 18 4 16 2 8 12 14 10 6"
"Trump National Golf Club Charlotte","NC","Mooresville, NC","Black","76.1","147","","","7425","4 5 3 4 4 4 3 5 4 4 4 5 3 4 3 5 4 4","8 6 14 12 4 2 16 18 10 1 7 15 9 5 17 11 13 3"
"Trump National Golf Club Charlotte","NC","Mooresville, NC","Gold","74.3","140","","","7014","4 5 3 4 4 4 3 5 4 4 4 5 3 4 3 5 4 4","8 6 14 12 4 2 16 18 10 1 7 15 9 5 17 11 13 3"
"Trump National Golf Club Charlotte","NC","Mooresville, NC","Blue","71.2","135","77.6","142","6450","4 5 3 4 4 4 3 5 4 4 4 5 3 4 3 5 4 4","8 6 14 12 4 2 16 18 10 1 7 15 9 5 17 11 13 3"
"Trump National Golf Club Charlotte","NC","Mooresville, NC","White","68.4","122","73.2","136","5811","4 5 3 4 4 4 3 5 4 4 4 5 3 4 3 5 4 4","8 6 14 12 4 2 16 18 10 1 7 15 9 5 17 11 13 3"
"Trump National Golf Club Charlotte","NC","Mooresville, NC","Red","65.2","104","69.2","118","5020","4 5 3 4 4 4 3 5 4 4 4 5 3 4 3 5 4 4","8 6 14 12 4 2 16 18 10 1 7 15 9 5 17 11 13 3"
"Champion Hills","NC","NC","Blue","71.3","136","","","6719","4 3 5 3 5 4 4 4 3 4 3 4 5 4 4 5 3 4","14 18 6 16 10 2 8 4 12 7 9 5 17 15 11 1 13 3"
"Champion Hills","NC","NC","White","70.5","131","","","6409","4 3 5 3 5 4 4 4 3 4 3 4 5 4 4 5 3 4","14 18 6 16 10 2 8 4 12 7 9 5 17 15 11 1 13 3"
"Champion Hills","NC","NC","Gold","68.6","121","","","6029","4 3 5 3 5 4 4 4 3 4 3 4 5 4 4 5 3 4","14 18 6 16 10 2 8 4 12 7 9 5 17 15 11 1 13 3"
"Champion Hills","NC","NC","Red","70.1","122","","","5285","4 3 5 3 5 4 4 4 3 4 3 4 5 4 4 5 3 4","14 18 6 16 10 2 8 4 12 7 9 5 17 15 11 1 13 3"
"Legacy Golf Links","NC","Aberdeen, NC","Black","74","137","","","6948","4 5 4 4 3 5 4 4 3 4 3 4 5 4 4 5 3 4","7 3 5 1 15 11 9 13 17 12 18 8 6 4 14 10 16 2"
"Legacy Golf Links","NC","Aberdeen, NC","Blue","71.8","131","","","6460","4 5 4 4 3 5 4 4 3 4 3 4 5 4 4 5 3 4","7 3 5 1 15 11 9 13 17 12 18 8 6 4 14 10 16 2"
"Legacy Golf Links","NC","Aberdeen, NC","White","69.4","127","75","139","5928","4 5 4 4 3 5 4 4 3 4 3 4 5 4 4 5 3 4","7 3 5 1 15 11 9 13 17 12 18 8 6 4 14 10 16 2"
"Legacy Golf Links","NC","Aberdeen, NC","Gold","66.5","114","71.1","129","5257","4 5 4 4 3 5 4 4 3 4 3 4 5 4 4 5 3 4","7 3 5 1 15 11 9 13 17 12 18 8 6 4 14 10 16 2"
"Legacy Golf Links","NC","Aberdeen, NC","Green","63.4","107","67.6","118","4652","4 5 4 4 3 5 4 4 3 4 3 4 5 4 4 5 3 4","7 3 5 1 15 11 9 13 17 12 18 8 6 4 14 10 16 2"
"Oakwoods Country Club","NC","Wilkesboro, NC","Blue","71.2","123","","","6337","3 5 4 5 4 4 4 3 4 4 4 3 5 4 4 5 4 3","11 7 1 15 9 3 13 5 17 4 14 12 18 10 8 16 6 2"
"Oakwoods Country Club","NC","Wilkesboro, NC","White","69.7","117","","","5923","3 5 4 5 4 4 4 3 4 4 4 3 5 4 4 5 4 3","11 7 1 15 9 3 13 5 17 4 14 12 18 10 8 16 6 2"
"Oakwoods Country Club","NC","Wilkesboro, NC","Red","","","67.4","109","4559","3 5 4 5 4 4 4 3 4 4 4 3 5 4 4 5 4 3","11 7 1 15 9 3 13 5 17 4 14 12 18 10 8 16 6 2"
"Colonial Country Club","NC","Thomasville, NC","Blue","71.9","127","","","6605","4 4 5 3 4 4 4 3 5 5 4 4 4 4 3 4 3 4","13 1 15 9 3 5 7 11 17 18 2 12 16 4 6 8 14 10"
"Colonial Country Club","NC","Thomasville, NC","White","70.1","119","","","6213","4 4 5 3 4 4 4 3 5 5 4 4 4 4 3 4 3 4","13 1 15 9 3 5 7 11 17 18 2 12 16 4 6 8 14 10"
"Colonial Country Club","NC","Thomasville, NC","Gold","67.3","113","","","5658","4 4 5 3 4 4 4 3 5 5 4 4 4 4 3 4 3 4","13 1 15 9 3 5 7 11 17 18 2 12 16 4 6 8 14 10"
"Colonial Country Club","NC","Thomasville, NC","Red","","","69.5","115","5133","4 4 5 3 4 4 4 3 5 5 4 4 4 4 3 4 3 4","13 1 15 9 3 5 7 11 17 18 2 12 16 4 6 8 14 10"
"Crystal Coast Country Club","NC","NC","Blue","70.4","130","","","6004","3 5 3 5 4 4 4 3 4 3 4 4 4 5 3 4 4 4","17 7 13 1 5 3 15 9 11 12 10 16 14 2 18 6 4 8"
"Crystal Coast Country Club","NC","NC","White","67.3","122","","","5558","3 5 3 5 4 4 4 3 4 3 4 4 4 5 3 4 4 4","17 7 13 1 5 3 15 9 11 12 10 16 14 2 18 6 4 8"
"Crystal Coast Country Club","NC","NC","Red","","","69.2","120","4816","3 5 3 5 4 4 4 3 4 3 4 4 4 5 3 4 4 4","17 7 13 1 5 3 15 9 11 12 10 16 14 2 18 6 4 8"
"Sea Scape Golf Links","NC","NC","Blue","70.4","127","","","6409","5 4 5 3 5 4 3 4 3 4 5 3 3 4 5 4 3 4","3 5 7 11 15 1 13 9 17 16 10 12 18 8 2 4 6 14"
"Sea Scape Golf Links","NC","NC","White","68.1","123","","","6052","5 4 5 3 5 4 3 4 3 4 5 3 3 4 5 4 3 4","3 5 7 11 15 1 13 9 17 16 10 12 18 8 2 4 6 14"
"Sea Scape Golf Links","NC","NC","Red","","","70.9","114","5536","5 4 5 3 5 4 3 4 3 4 5 3 3 4 5 4 3 4","3 5 7 11 15 1 13 9 17 16 10 12 18 8 2 4 6 14"
"Grandfather Golf & Country Club","NC","Linville, NC","Black","74.2","148","","","7021","5 4 4 4 3 5 4 4 3 4 5 3 4 3 4 4 5 4","11 15 5 3 17 1 7 9 13 4 14 16 8 18 12 2 6 10"
"Grandfather Golf & Country Club","NC","Linville, NC","Black/Gold","73.6","146","","","6848","5 4 4 4 3 5 4 4 3 4 5 3 4 3 4 4 5 4","11 15 5 3 17 1 7 9 13 4 14 16 8 18 12 2 6 10"
"Grandfather Golf & Country Club","NC","Linville, NC","Gold","72.7","144","","","6639","5 4 4 4 3 5 4 4 3 4 5 3 4 3 4 4 5 4","11 15 5 3 17 1 7 9 13 4 14 16 8 18 12 2 6 10"
"Grandfather Golf & Country Club","NC","Linville, NC","Gold/White","71.5","143","","","6410","5 4 4 4 3 5 4 4 3 4 5 3 4 3 4 4 5 4","11 15 5 3 17 1 7 9 13 4 14 16 8 18 12 2 6 10"
"Grandfather Golf & Country Club","NC","Linville, NC","White","70.9","142","76.9","148","6219","5 4 4 4 3 5 4 4 3 4 5 3 4 3 4 4 5 4","11 15 5 3 17 1 7 9 13 4 14 16 8 18 12 2 6 10"
"Grandfather Golf & Country Club","NC","Linville, NC","White/Blue","69.5","136","75.5","144","5974","5 4 4 4 3 5 4 4 3 4 5 3 4 3 4 4 5 4","11 15 5 3 17 1 7 9 13 4 14 16 8 18 12 2 6 10"
"Grandfather Golf & Country Club","NC","Linville, NC","Blue","68.4","129","74.2","139","5725","5 4 4 4 3 5 4 4 3 4 5 3 4 3 4 4 5 4","11 15 5 3 17 1 7 9 13 4 14 16 8 18 12 2 6 10"
"Grandfather Golf & Country Club","NC","Linville, NC","Blue/Green","67.4","129","72.9","137","5532","5 4 4 4 3 5 4 4 3 4 5 3 4 3 4 4 5 4","11 15 5 3 17 1 7 9 13 4 14 16 8 18 12 2 6 10"
"Grandfather Golf & Country Club","NC","Linville, NC","Green","66.4","123","71.6","134","5252","5 4 4 4 3 5 4 4 3 4 5 3 4 3 4 4 5 4","11 15 5 3 17 1 7 9 13 4 14 16 8 18 12 2 6 10"
"Grandfather Golf & Country Club","NC","Linville, NC","Green/Red","65.3","121","70.2","128","5008","5 4 4 4 3 5 4 4 3 4 5 3 4 3 4 4 5 4","11 15 5 3 17 1 7 9 13 4 14 16 8 18 12 2 6 10"
"Grandfather Golf & Country Club","NC","Linville, NC","Red","64.5","120","68.8","123","4771","5 4 4 4 3 5 4 4 3 4 5 3 4 3 4 4 5 4","11 15 5 3 17 1 7 9 13 4 14 16 8 18 12 2 6 10"
"Chapel Hill Country Club","NC","NC","Blue","72.2","130","","","6752","4 3 4 4 5 4 4 5 3 4 5 4 4 4 3 4 3 5","3 17 13 1 11 9 5 7 15 4 8 14 2 6 16 10 18 12"
"Chapel Hill Country Club","NC","NC","White","70.1","124","","","6277","4 3 4 4 5 4 4 5 3 4 5 4 4 4 3 4 3 5","3 17 13 1 11 9 5 7 15 4 8 14 2 6 16 10 18 12"
"Chapel Hill Country Club","NC","NC","Yellow","68.1","119","","","5875","4 3 4 4 5 4 4 5 3 4 5 4 4 4 3 4 3 5","3 17 13 1 11 9 5 7 15 4 8 14 2 6 16 10 18 12"
"Chapel Hill Country Club","NC","NC","Red","","","68.3","117","4958","4 3 4 4 5 4 4 5 3 4 5 4 4 4 3 4 3 5","3 17 13 1 11 9 5 7 15 4 8 14 2 6 16 10 18 12"
"Linville Ridge","NC","Linville, NC","Gold","72.2","129","","","6746","4 4 4 5 4 3 4 5 3 4 4 3 5 3 5 4 4 4","9 7 1 5 11 15 13 3 17 14 2 16 4 18 8 12 10 6"
"Linville Ridge","NC","Linville, NC","Blue","69.9","123","","","6205","4 4 4 5 4 3 4 5 3 4 4 3 5 3 5 4 4 4","9 7 1 5 11 15 13 3 17 14 2 16 4 18 8 12 10 6"
"Linville Ridge","NC","Linville, NC","White","67.5","117","","","5706","4 4 4 5 4 3 4 5 3 4 4 3 5 3 5 4 4 4","9 7 1 5 11 15 13 3 17 14 2 16 4 18 8 12 10 6"
"Linville Ridge","NC","Linville, NC","Red","68.9","119","","","5020","4 4 4 5 4 3 4 5 3 4 4 3 5 3 5 4 4 4","9 7 1 5 11 15 13 3 17 14 2 16 4 18 8 12 10 6"
"Beech Mountain Club","NC","Beech Mountain, NC","Black","70.2","136","","","6214","4 4 5 4 3 4 5 4 3 4 4 3 5 4 3 4 4 5","13 9 3 5 7 15 1 11 17 8 16 18 4 14 10 12 2 6"
"Beech Mountain Club","NC","Beech Mountain, NC","Gold","68.2","130","73.8","137","5790","4 4 5 4 3 4 5 4 3 4 4 3 5 4 3 4 4 5","13 9 3 5 7 15 1 11 17 8 16 18 4 14 10 12 2 6"
"Beech Mountain Club","NC","Beech Mountain, NC","Blue","65.5","123","70.1","134","5207","4 4 5 4 3 4 5 4 3 4 4 3 5 4 3 4 4 5","13 9 3 5 7 15 1 11 17 8 16 18 4 14 10 12 2 6"
"Beech Mountain Club","NC","Beech Mountain, NC","White","63.3","118","67.6","129","4714","4 4 5 4 3 4 5 4 3 4 4 3 5 4 3 4 4 5","13 9 3 5 7 15 1 11 17 8 16 18 4 14 10 12 2 6"
"Beech Mountain Club","NC","Beech Mountain, NC","Green","62.1","114","65.2","126","4365","4 4 5 4 3 4 5 4 3 4 4 3 5 4 3 4 4 5","13 9 3 5 7 15 1 11 17 8 16 18 4 14 10 12 2 6"
"Olde Beau Resort & Golf Club","NC","Roaring Gap, NC","Gold","72.2","134","","","6593","4 5 3 5 4 4 4 3 4 4 3 5 4 3 4 4 5 4","15 7 17 9 1 3 11 13 5 4 14 12 2 18 8 16 10 6"
"Olde Beau Resort & Golf Club","NC","Roaring Gap, NC","Blue","69.9","129","","","6089","4 5 3 5 4 4 4 3 4 4 3 5 4 3 4 4 5 4","15 7 17 9 1 3 11 13 5 4 14 12 2 18 8 16 10 6"
"Olde Beau Resort & Golf Club","NC","Roaring Gap, NC","White","68.4","126","74.3","149","5746","4 5 3 5 4 4 4 3 4 4 3 5 4 3 4 4 5 4","15 7 17 9 1 3 11 13 5 4 14 12 2 18 8 16 10 6"
"Olde Beau Resort & Golf Club","NC","Roaring Gap, NC","Green","63","112","67.3","124","5319","4 5 3 5 4 4 4 3 4 4 3 5 4 3 4 4 5 4","15 7 17 9 1 3 11 13 5 4 14 12 2 18 8 16 10 6"
"Olde Beau Resort & Golf Club","NC","Roaring Gap, NC","Red","","","66.8","118","4315","4 5 3 5 4 4 4 3 4 4 3 5 4 3 4 4 5 4","15 7 17 9 1 3 11 13 5 4 14 12 2 18 8 16 10 6"
"Mountain Aire Golf Course","NC","West Jefferson, NC","Blue","70.8","130","","","6415","5 4 4 3 5 4 3 4 4 4 5 4 4 3 4 3 5 4","6 10 4 18 2 8 16 14 12 9 1 3 13 17 11 15 7 5"
"Mountain Aire Golf Course","NC","West Jefferson, NC","White","68.5","118","73.8","138","5858","5 4 4 3 5 4 3 4 4 4 5 4 4 3 4 3 5 4","6 10 4 18 2 8 16 14 12 9 1 3 13 17 11 15 7 5"
"Mountain Aire Golf Course","NC","West Jefferson, NC","Gold","63.3","107","68.2","124","4852","5 4 4 3 5 4 3 4 4 4 5 4 4 3 4 3 5 4","6 10 4 18 2 8 16 14 12 9 1 3 13 17 11 15 7 5"
"Mountain Aire Golf Course","NC","West Jefferson, NC","Red","61.3","101","64.5","107","4140","5 4 4 3 5 4 3 4 4 4 5 4 4 3 4 3 5 4","6 10 4 18 2 8 16 14 12 9 1 3 13 17 11 15 7 5"
"Diamond Creek","NC","Banner Elk, NC","Championship","73.2","136","","","7175","4 3 4 5 3 4 5 3 4 4 4 3 5 4 4 4 3 4","3 9 5 15 17 7 13 11 1 16 8 12 6 4 2 10 14 18"
"Diamond Creek","NC","Banner Elk, NC","Back","71.3","131","","","6715","4 3 4 5 3 4 5 3 4 4 4 3 5 4 4 4 3 4","3 9 5 15 17 7 13 11 1 16 8 12 6 4 2 10 14 18"
"Diamond Creek","NC","Banner Elk, NC","Middle","68.3","127","","","6155","4 3 4 5 3 4 5 3 4 4 4 3 5 4 4 4 3 4","3 9 5 15 17 7 13 11 1 16 8 12 6 4 2 10 14 18"
"Diamond Creek","NC","Banner Elk, NC","Forward","","","69.2","124","5010","4 3 4 5 3 4 5 3 4 4 4 3 5 4 4 4 3 4","3 9 5 15 17 7 13 11 1 16 8 12 6 4 2 10 14 18"
"Tanglewood Reynolds Course","NC","NC","Championship","72.8","137","","","6567","5 4 3 4 4 4 5 3 4 4 4 3 5 4 5 4 3 4","1 5 17 9 7 13 3 15 11 4 12 16 10 14 6 8 18 2"
"Tanglewood Reynolds Course","NC","NC","Regular","70.1","130","","","6086","5 4 3 4 4 4 5 3 4 4 4 3 5 4 5 4 3 4","1 5 17 9 7 13 3 15 11 4 12 16 10 14 6 8 18 2"
"Tanglewood Reynolds Course","NC","NC","Front","68.5","121","","","5694","5 4 3 4 4 4 5 3 4 4 4 3 5 4 5 4 3 4","1 5 17 9 7 13 3 15 11 4 12 16 10 14 6 8 18 2"
"Tanglewood Reynolds Course","NC","NC","Ladies","67.8","117","","","4611","5 4 3 4 4 4 5 3 4 4 4 3 5 4 5 4 3 4","1 5 17 9 7 13 3 15 11 4 12 16 10 14 6 8 18 2"
"Wolf Laurel Country Club","NC","NC","White","70.5","124","","","5847","4 3 5 4 4 3 5 4 4 5 4 3 4 4 3 5 3 4","4 16 8 18 12 14 6 10 2 11 9 17 3 15 13 1 5 7"
"Wolf Laurel Country Club","NC","NC","Red","69.8","134","","","4531","4 3 5 4 4 3 5 4 4 5 4 3 4 4 3 5 3 4","4 16 8 18 12 14 6 10 2 11 9 17 3 15 13 1 5 7"
"Bald Head Island Country Club","NC","Bald Head Island, NC","Blue","73.8","137","","","6804","4 3 4 5 4 4 5 3 4 4 5 4 3 4 4 3 5 4","11 13 5 15 1 7 9 17 3 14 16 6 10 2 8 12 18 4"
"Bald Head Island Country Club","NC","Bald Head Island, NC","White","70.6","122","","","6225","4 3 4 5 4 4 5 3 4 4 5 4 3 4 4 3 5 4","11 13 5 15 1 7 9 17 3 14 16 6 10 2 8 12 18 4"
"Bald Head Island Country Club","NC","Bald Head Island, NC","Gold","67.5","115","72.9","131","5544","4 3 4 5 4 4 5 3 4 4 5 4 3 4 4 3 5 4","11 13 5 15 1 7 9 17 3 14 16 6 10 2 8 12 18 4"
"Bald Head Island Country Club","NC","Bald Head Island, NC","Red","69.1","113","","","4847","4 3 4 5 4 4 5 3 4 4 5 4 3 4 4 3 5 4","11 13 5 15 1 7 9 17 3 14 16 6 10 2 8 12 18 4"
"Bentwinds Country Club","NC","Fuquay Varina, NC","Black","72.9","137","","","6770","5 4 3 4 5 4 4 3 4 5 3 4 4 5 3 4 4 4","11 13 5 15 17 1 9 7 3 16 14 2 8 18 12 6 10 4"
"Bentwinds Country Club","NC","Fuquay Varina, NC","Blue","71.3","129","77.2","143","6402","5 4 3 4 5 4 4 3 4 5 3 4 4 5 3 4 4 4","11 13 5 15 17 1 9 7 3 16 14 2 8 18 12 6 10 4"
"Bentwinds Country Club","NC","Fuquay Varina, NC","Blue/White","70.3","127","","","6174","5 4 3 4 5 4 4 3 4 5 3 4 4 5 3 4 4 4","11 13 5 15 17 1 9 7 3 16 14 2 8 18 12 6 10 4"
"Bentwinds Country Club","NC","Fuquay Varina, NC","White","70","122","75.2","139","6034","5 4 3 4 5 4 4 3 4 5 3 4 4 5 3 4 4 4","11 13 5 15 17 1 9 7 3 16 14 2 8 18 12 6 10 4"
"Bentwinds Country Club","NC","Fuquay Varina, NC","White/Gold","67.8","116","","","5610","5 4 3 4 5 4 4 3 4 5 3 4 4 5 3 4 4 4","11 13 5 15 17 1 9 7 3 16 14 2 8 18 12 6 10 4"
"Bentwinds Country Club","NC","Fuquay Varina, NC","Gold","67","114","71.7","127","5442","5 4 3 4 5 4 4 3 4 5 3 4 4 5 3 4 4 4","11 13 5 15 17 1 9 7 3 16 14 2 8 18 12 6 10 4"
"Bentwinds Country Club","NC","Fuquay Varina, NC","Red","64.5","104","68.9","120","4905","5 4 3 4 5 4 4 3 4 5 3 4 4 5 3 4 4 4","11 13 5 15 17 1 9 7 3 16 14 2 8 18 12 6 10 4"
"Bentwinds Country Club","NC","Fuquay Varina, NC","Family","60.2","100","62.2","102","3724","5 4 3 4 5 4 4 3 4 5 3 4 4 5 3 4 4 4","11 13 5 15 17 1 9 7 3 16 14 2 8 18 12 6 10 4"
"Blowing Rock Country Club","NC","NC","Gold","70.1","134","","","6321","5 3 5 4 4 3 4 4 4 3 5 4 4 5 3 3 4 5","11 7 9 1 3 15 17 13 5 16 4 10 8 6 12 14 18 2"
"Blowing Rock Country Club","NC","NC","Blue","68.8","125","","","5887","5 3 5 4 4 3 4 4 4 3 5 4 4 5 3 3 4 5","11 7 9 1 3 15 17 13 5 16 4 10 8 6 12 14 18 2"
"Blowing Rock Country Club","NC","NC","Blue/White","67.3","123","","","5575","5 3 5 4 4 3 4 4 4 3 5 4 4 5 3 3 4 5","11 7 9 1 3 15 17 13 5 16 4 10 8 6 12 14 18 2"
"Blowing Rock Country Club","NC","NC","White","66.2","119","70.1","129","5323","5 3 5 4 4 3 4 4 4 3 5 4 4 5 3 3 4 5","11 7 9 1 3 15 17 13 5 16 4 10 8 6 12 14 18 2"
"Blowing Rock Country Club","NC","NC","Red","","","67.8","123","4720","5 3 5 4 4 3 4 4 4 3 5 4 4 5 3 3 4 5","11 7 9 1 3 15 17 13 5 16 4 10 8 6 12 14 18 2"
"Etowah Valley Country Club","NC","Etowah","Gold","73.7","131","","","7108","4 5 4 4 3 5 4 4 3 4 4 4 4 3 5 4 3 5","5 15 11 1 13 9 7 3 17 2 6 4 10 16 18 8 14 12"
"Etowah Valley Country Club","NC","Etowah","Blue","72.7","128","","","6856","4 5 4 4 3 5 4 4 3 4 4 4 4 3 5 4 3 5","5 15 11 1 13 9 7 3 17 2 6 4 10 16 18 8 14 12"
"Etowah Valley Country Club","NC","Etowah","White","69.4","123","","","6058","4 5 4 4 3 5 4 4 3 4 4 4 4 3 5 4 3 5","5 15 11 1 13 9 7 3 17 2 6 4 10 16 18 8 14 12"
"Etowah Valley Country Club","NC","Etowah","Red","","","70.1","125","5480","4 5 4 4 3 5 4 4 3 4 4 4 4 3 5 4 3 5","5 15 11 1 13 9 7 3 17 2 6 4 10 16 18 8 14 12"
