action,course,city,id,verified,tee,our_rating,our_slope,oga_rating,oga_slope,delta,tees_conflicting,why
0-RESOLVED-NOACTION,Barton Creek Resort- Fazio Foothills,Austin,barton-creek-resort,Y,Black,74.9,141,75.4,143,R-0.5 S-2,4,RESOLVED here — our 7-tee set is fuller; shared tees differ ~0.5 (re-rating) and the Red tees are different positions. Re-import would MISALIGN. Leave as-is.
0-RESOLVED-NOACTION,Barton Creek Resort- Fazio Foothills,Austin,barton-creek-resort,Y,Gold,72.8,138,73.6,140,R-0.8 S-2,4,RESOLVED here — our 7-tee set is fuller; shared tees differ ~0.5 (re-rating) and the Red tees are different positions. Re-import would MISALIGN. Leave as-is.
0-RESOLVED-NOACTION,Barton Creek Resort- Fazio Foothills,Austin,barton-creek-resort,Y,Red,65.6,122,70.4,123,R-4.8 S-1,4,RESOLVED here — our 7-tee set is fuller; shared tees differ ~0.5 (re-rating) and the Red tees are different positions. Re-import would MISALIGN. Leave as-is.
0-RESOLVED-NOACTION,Barton Creek Resort- Fazio Foothills,Austin,barton-creek-resort,Y,White,69.8,129,70.1,134,R-0.3 S-5,4,RESOLVED here — our 7-tee set is fuller; shared tees differ ~0.5 (re-rating) and the Red tees are different positions. Re-import would MISALIGN. Leave as-is.
0-RESOLVED-NOACTION,Comanche Trail Golf Course,Amarillo,comanche-trail-golf-course,Y,Blue,71.6,124,70.9,113,R+0.7 S+11,1,RESOLVED here — library Blue 71.6/124 already equals OGA exactly. No change.
0-RESOLVED-NOACTION,Riverside Golf Club,Grand Prairie,riverside-golf-club,Y,WHITE,69,120,68.4,119,R+0.6 S+1,1,"RESOLVED here — differences are ~0.3-0.6, mixed direction (re-rating/rounding). Immaterial. Leave as-is."
0-RESOLVED-NOACTION,Sherrill Park,Richardson,sherrill-park,n,Middle,65,115,68,121,R-3.0 S-6,2,"RESOLVED here — our entry is Course #2 (par 70, 6375y, Pro 69.4/125); OGA matched Course #1 (par 72, ~6900y, Pro 74.4/132). DIFFERENT courses — ours is correct. NOTE: Sherrill Park Course #1 appears MISSING from the library — consider adding it (needs GPS)."
0-RESOLVED-NOACTION,Sherrill Park,Richardson,sherrill-park,n,Pro,69.4,125,74.4,132,R-5.0 S-7,2,"RESOLVED here — our entry is Course #2 (par 70, 6375y, Pro 69.4/125); OGA matched Course #1 (par 72, ~6900y, Pro 74.4/132). DIFFERENT courses — ours is correct. NOTE: Sherrill Park Course #1 appears MISSING from the library — consider adding it (needs GPS)."
0-RESOLVED-NOACTION,The Club at Sonterra South Course,TX,the-club-at-sonterra-south-course,Y,Blue+,70.8,126,71.6,127,R-0.8 S-1,2,"RESOLVED here — ratings are correct; only tee LABELS differ (our ""Blue+""=OGA ""Blue"", ""White+""=OGA ""White""). Cosmetic, no rating change."
0-RESOLVED-NOACTION,The Club at Sonterra South Course,TX,the-club-at-sonterra-south-course,Y,White+,68.9,123,69.9,125,R-1.0 S-2,2,"RESOLVED here — ratings are correct; only tee LABELS differ (our ""Blue+""=OGA ""Blue"", ""White+""=OGA ""White""). Cosmetic, no rating change."
2-VERIFY-IDENTITY,Hillcrest Country Club,Vernon,hillcrest-country-club,Y,Gold,72.2,133,80.4,148,R-8.2 S-15,1,Huge gap -> likely a wrong course/tee match (common name) or a bad legacy value. Confirm this is the same course + tee before trusting either.
2-VERIFY-IDENTITY,Northridge Country Club,Texarkana,northridge-country-club,Y,White,64.2,114,70.4,127,R-6.2 S-13,1,Huge gap -> likely a wrong course/tee match (common name) or a bad legacy value. Confirm this is the same course + tee before trusting either.
2-VERIFY-IDENTITY,Pecan Valley Golf Course,TX,pecan-valley-golf-course,Y,Blue,69.5,126,71.8,126,R-2.3 S+0,2,Huge gap -> likely a wrong course/tee match (common name) or a bad legacy value. Confirm this is the same course + tee before trusting either.
2-VERIFY-IDENTITY,Pecan Valley Golf Course,TX,pecan-valley-golf-course,Y,Gold,74.4,132,63.5,106,R+10.9 S+26,2,Huge gap -> likely a wrong course/tee match (common name) or a bad legacy value. Confirm this is the same course + tee before trusting either.
2-VERIFY-IDENTITY,Shady Oaks Golf Course,Baird,shady-oaks-golf-course,Y,Black,64.3,101,74,137,R-9.7 S-36,2,Huge gap -> likely a wrong course/tee match (common name) or a bad legacy value. Confirm this is the same course + tee before trusting either.
2-VERIFY-IDENTITY,Shady Oaks Golf Course,Baird,shady-oaks-golf-course,Y,White,66.8,113,71.9,133,R-5.1 S-20,2,Huge gap -> likely a wrong course/tee match (common name) or a bad legacy value. Confirm this is the same course + tee before trusting either.
3-VERIFY-RATING,Balcones Country Club,TX,balcones-country-club-2,Y,Black,69.3,115,70.2,118,R-0.9 S-3,4,4 tees all off the same direction (~0.9) -> our set looks like an older USGA rating; OGA is likely current. Check the printed card.
3-VERIFY-RATING,Balcones Country Club,TX,balcones-country-club-2,Y,Blue,68,112,68.9,117,R-0.9 S-5,4,4 tees all off the same direction (~0.9) -> our set looks like an older USGA rating; OGA is likely current. Check the printed card.
3-VERIFY-RATING,Balcones Country Club,TX,balcones-country-club-2,Y,Green,63.2,103,64,106,R-0.8 S-3,4,4 tees all off the same direction (~0.9) -> our set looks like an older USGA rating; OGA is likely current. Check the printed card.
3-VERIFY-RATING,Balcones Country Club,TX,balcones-country-club-2,Y,White,66.3,109,67.1,113,R-0.8 S-4,4,4 tees all off the same direction (~0.9) -> our set looks like an older USGA rating; OGA is likely current. Check the printed card.
3-VERIFY-RATING,Dallas National Golf Club,TX,dallas-national-golf-club,Y,I,74.7,147,73.5,140,R+1.2 S+7,4,4 tees all off the same direction (~1.2) -> our set looks like an older USGA rating; OGA is likely current. Check the printed card.
3-VERIFY-RATING,Dallas National Golf Club,TX,dallas-national-golf-club,Y,II,72.1,137,71.6,133,R+0.5 S+4,4,4 tees all off the same direction (~1.2) -> our set looks like an older USGA rating; OGA is likely current. Check the printed card.
3-VERIFY-RATING,Dallas National Golf Club,TX,dallas-national-golf-club,Y,III,70,133,69.3,129,R+0.7 S+4,4,4 tees all off the same direction (~1.2) -> our set looks like an older USGA rating; OGA is likely current. Check the printed card.
3-VERIFY-RATING,Dallas National Golf Club,TX,dallas-national-golf-club,Y,Texas,77.9,155,75.9,145,R+2.0 S+10,4,4 tees all off the same direction (~1.2) -> our set looks like an older USGA rating; OGA is likely current. Check the printed card.
3-VERIFY-RATING,Double J Ranch Golf Club,Wimberley,double-j-ranch-golf-club,Y,Black,73.2,134,71.1,118,R+2.1 S+16,3,3 tees all off the same direction (~2.1) -> our set looks like an older USGA rating; OGA is likely current. Check the printed card.
3-VERIFY-RATING,Double J Ranch Golf Club,Wimberley,double-j-ranch-golf-club,Y,Blue,70.3,132,68,113,R+2.3 S+19,3,3 tees all off the same direction (~2.1) -> our set looks like an older USGA rating; OGA is likely current. Check the printed card.
3-VERIFY-RATING,Double J Ranch Golf Club,Wimberley,double-j-ranch-golf-club,Y,White,67.2,126,66.3,107,R+0.9 S+19,3,3 tees all off the same direction (~2.1) -> our set looks like an older USGA rating; OGA is likely current. Check the printed card.
3-VERIFY-RATING,Flintrock Falls Country Club,Austin,flintrock-falls-country-club,Y,Black,75.8,146,74.8,145,R+1.0 S+1,3,3 tees all off the same direction (~1.0) -> our set looks like an older USGA rating; OGA is likely current. Check the printed card.
3-VERIFY-RATING,Flintrock Falls Country Club,Austin,flintrock-falls-country-club,Y,Blue,73,141,72.1,138,R+0.9 S+3,3,3 tees all off the same direction (~1.0) -> our set looks like an older USGA rating; OGA is likely current. Check the printed card.
3-VERIFY-RATING,Flintrock Falls Country Club,Austin,flintrock-falls-country-club,Y,Gold,74.5,144,73.3,142,R+1.2 S+2,3,3 tees all off the same direction (~1.0) -> our set looks like an older USGA rating; OGA is likely current. Check the printed card.
3-VERIFY-RATING,Great Hills Golf Club,TX,great-hills-golf-club,Y,Blue,73.8,141,72.7,138,R+1.1 S+3,3,3 tees all off the same direction (~0.8) -> our set looks like an older USGA rating; OGA is likely current. Check the printed card.
3-VERIFY-RATING,Great Hills Golf Club,TX,great-hills-golf-club,Y,Gold,67.5,127,66.7,125,R+0.8 S+2,3,3 tees all off the same direction (~0.8) -> our set looks like an older USGA rating; OGA is likely current. Check the printed card.
3-VERIFY-RATING,Great Hills Golf Club,TX,great-hills-golf-club,Y,White,71,137,70.4,134,R+0.6 S+3,3,3 tees all off the same direction (~0.8) -> our set looks like an older USGA rating; OGA is likely current. Check the printed card.
3-VERIFY-RATING,Horizon Golf Course,TX,horizon-golf-course,Y,Black,72.6,128,71.4,122,R+1.2 S+6,3,3 tees all off the same direction (~0.8) -> our set looks like an older USGA rating; OGA is likely current. Check the printed card.
3-VERIFY-RATING,Horizon Golf Course,TX,horizon-golf-course,Y,Blue,70.2,128,69.6,118,R+0.6 S+10,3,3 tees all off the same direction (~0.8) -> our set looks like an older USGA rating; OGA is likely current. Check the printed card.
3-VERIFY-RATING,Horizon Golf Course,TX,horizon-golf-course,Y,White,68.5,127,67.7,115,R+0.8 S+12,3,3 tees all off the same direction (~0.8) -> our set looks like an older USGA rating; OGA is likely current. Check the printed card.
3-VERIFY-RATING,Horseshoe Bay Resort - Apple Rock Course,Horseshoe Bay,horseshoe-bay-resort-apple-rock-course,Y,Executive,70.2,130,70.7,126,R-0.5 S+4,3,3 tees all off the same direction (~0.5) -> our set looks like an older USGA rating; OGA is likely current. Check the printed card.
3-VERIFY-RATING,Horseshoe Bay Resort - Apple Rock Course,Horseshoe Bay,horseshoe-bay-resort-apple-rock-course,Y,Forward,67.9,127,68.2,122,R-0.3 S+5,3,3 tees all off the same direction (~0.5) -> our set looks like an older USGA rating; OGA is likely current. Check the printed card.
3-VERIFY-RATING,Horseshoe Bay Resort - Apple Rock Course,Horseshoe Bay,horseshoe-bay-resort-apple-rock-course,Y,Regular,72.3,135,72.8,131,R-0.5 S+4,3,3 tees all off the same direction (~0.5) -> our set looks like an older USGA rating; OGA is likely current. Check the printed card.
3-VERIFY-RATING,Indian Creek Golf Club (Creek),Carrollton,indian-creek-golf-club,Y,Blue,73.2,136,73.7,136,R-0.5 S+0,3,3 tees all off the same direction (~0.6) -> our set looks like an older USGA rating; OGA is likely current. Check the printed card.
3-VERIFY-RATING,Indian Creek Golf Club (Creek),Carrollton,indian-creek-golf-club,Y,Red,64.8,117,66.1,116,R-1.3 S+1,3,3 tees all off the same direction (~0.6) -> our set looks like an older USGA rating; OGA is likely current. Check the printed card.
3-VERIFY-RATING,Indian Creek Golf Club (Creek),Carrollton,indian-creek-golf-club,Y,White,70,128,70.6,134,R-0.6 S-6,3,3 tees all off the same direction (~0.6) -> our set looks like an older USGA rating; OGA is likely current. Check the printed card.
3-VERIFY-RATING,Indian Creek Golf Course (Lakes),Carrollton,indian-creek-golf-course-lakes,n,Black,74,131,75.6,139,R-1.6 S-8,3,3 tees all off the same direction (~1.6) -> our set looks like an older USGA rating; OGA is likely current. Check the printed card.
3-VERIFY-RATING,Indian Creek Golf Course (Lakes),Carrollton,indian-creek-golf-course-lakes,n,Blue,71.9,127,73.7,136,R-1.8 S-9,3,3 tees all off the same direction (~1.6) -> our set looks like an older USGA rating; OGA is likely current. Check the printed card.
3-VERIFY-RATING,Indian Creek Golf Course (Lakes),Carrollton,indian-creek-golf-course-lakes,n,White,69.6,125,70.6,134,R-1.0 S-9,3,3 tees all off the same direction (~1.6) -> our set looks like an older USGA rating; OGA is likely current. Check the printed card.
3-VERIFY-RATING,Omni Barton Creek Resort Crenshaw Cliffside Course,Austin,omni-barton-creek-resort-crenshaw-cliffside-cour,Y,Blue,69.3,123,70,127,R-0.7 S-4,3,3 tees all off the same direction (~0.7) -> our set looks like an older USGA rating; OGA is likely current. Check the printed card.
3-VERIFY-RATING,Omni Barton Creek Resort Crenshaw Cliffside Course,Austin,omni-barton-creek-resort-crenshaw-cliffside-cour,Y,Gold,71.5,135,72.2,130,R-0.7 S+5,3,3 tees all off the same direction (~0.7) -> our set looks like an older USGA rating; OGA is likely current. Check the printed card.
3-VERIFY-RATING,Omni Barton Creek Resort Crenshaw Cliffside Course,Austin,omni-barton-creek-resort-crenshaw-cliffside-cour,Y,White,66.9,119,67.7,124,R-0.8 S-5,3,3 tees all off the same direction (~0.7) -> our set looks like an older USGA rating; OGA is likely current. Check the printed card.
3-VERIFY-RATING,Phillips Municipal Course,Borger,phillips-municipal-course,Y,Blue,69.5,103,70.1,118,R-0.6 S-15,3,3 tees all off the same direction (~1.2) -> our set looks like an older USGA rating; OGA is likely current. Check the printed card.
3-VERIFY-RATING,Phillips Municipal Course,Borger,phillips-municipal-course,Y,Red,67.4,102,68.6,114,R-1.2 S-12,3,3 tees all off the same direction (~1.2) -> our set looks like an older USGA rating; OGA is likely current. Check the printed card.
3-VERIFY-RATING,Phillips Municipal Course,Borger,phillips-municipal-course,Y,Yellow,63,90,64.9,105,R-1.9 S-15,3,3 tees all off the same direction (~1.2) -> our set looks like an older USGA rating; OGA is likely current. Check the printed card.
3-VERIFY-RATING,Quicksand Golf Course,San Angelo,quicksand-golf-course,Y,Black,75.5,142,75,140,R+0.5 S+2,3,3 tees all off the same direction (~0.7) -> our set looks like an older USGA rating; OGA is likely current. Check the printed card.
3-VERIFY-RATING,Quicksand Golf Course,San Angelo,quicksand-golf-course,Y,Blue,70.8,134,70.1,124,R+0.7 S+10,3,3 tees all off the same direction (~0.7) -> our set looks like an older USGA rating; OGA is likely current. Check the printed card.
3-VERIFY-RATING,Quicksand Golf Course,San Angelo,quicksand-golf-course,Y,Gold,73.3,138,72.3,131,R+1.0 S+7,3,3 tees all off the same direction (~0.7) -> our set looks like an older USGA rating; OGA is likely current. Check the printed card.
3-VERIFY-RATING,Tascosa Golf Club - La Paloma,TX,tascosa-golf-club-la-paloma,Y,Black,74.7,137,73.5,130,R+1.2 S+7,3,3 tees all off the same direction (~0.7) -> our set looks like an older USGA rating; OGA is likely current. Check the printed card.
3-VERIFY-RATING,Tascosa Golf Club - La Paloma,TX,tascosa-golf-club-la-paloma,Y,Blue,72,131,71.3,128,R+0.7 S+3,3,3 tees all off the same direction (~0.7) -> our set looks like an older USGA rating; OGA is likely current. Check the printed card.
3-VERIFY-RATING,Tascosa Golf Club - La Paloma,TX,tascosa-golf-club-la-paloma,Y,White,69.4,126,68.8,119,R+0.6 S+7,3,3 tees all off the same direction (~0.7) -> our set looks like an older USGA rating; OGA is likely current. Check the printed card.
3-VERIFY-RATING,Tascosa Golf Club - La Paloma Course,Amarillo,tascosa-golf-club-la-paloma-course,Y,Black,74.7,137,73.5,130,R+1.2 S+7,3,3 tees all off the same direction (~0.7) -> our set looks like an older USGA rating; OGA is likely current. Check the printed card.
3-VERIFY-RATING,Tascosa Golf Club - La Paloma Course,Amarillo,tascosa-golf-club-la-paloma-course,Y,Blue,72,131,71.3,128,R+0.7 S+3,3,3 tees all off the same direction (~0.7) -> our set looks like an older USGA rating; OGA is likely current. Check the printed card.
3-VERIFY-RATING,Tascosa Golf Club - La Paloma Course,Amarillo,tascosa-golf-club-la-paloma-course,Y,White,69.4,126,68.8,119,R+0.6 S+7,3,3 tees all off the same direction (~0.7) -> our set looks like an older USGA rating; OGA is likely current. Check the printed card.
3-VERIFY-RATING,The Champions Course at Weeks Park,Wichita Falls,the-champions-course-at-weeks-park,Y,Black,75.8,134,75.2,133,R+0.6 S+1,3,3 tees all off the same direction (~0.6) -> our set looks like an older USGA rating; OGA is likely current. Check the printed card.
3-VERIFY-RATING,The Champions Course at Weeks Park,Wichita Falls,the-champions-course-at-weeks-park,Y,Blue,70.9,127,70.3,124,R+0.6 S+3,3,3 tees all off the same direction (~0.6) -> our set looks like an older USGA rating; OGA is likely current. Check the printed card.
3-VERIFY-RATING,The Champions Course at Weeks Park,Wichita Falls,the-champions-course-at-weeks-park,Y,Gold,73.5,130,73,129,R+0.5 S+1,3,3 tees all off the same direction (~0.6) -> our set looks like an older USGA rating; OGA is likely current. Check the printed card.
3-VERIFY-RATING,The Northwood Club,Dallas,the-northwood-club,Y,I,73.5,135,74.6,138,R-1.1 S-3,9,9 tees all off the same direction (~1.1) -> our set looks like an older USGA rating; OGA is likely current. Check the printed card.
3-VERIFY-RATING,The Northwood Club,Dallas,the-northwood-club,Y,I/II,72.8,133,73.9,136,R-1.1 S-3,9,9 tees all off the same direction (~1.1) -> our set looks like an older USGA rating; OGA is likely current. Check the printed card.
3-VERIFY-RATING,The Northwood Club,Dallas,the-northwood-club,Y,II,71.9,132,73,134,R-1.1 S-2,9,9 tees all off the same direction (~1.1) -> our set looks like an older USGA rating; OGA is likely current. Check the printed card.
3-VERIFY-RATING,The Northwood Club,Dallas,the-northwood-club,Y,II/III,70.7,131,71.6,130,R-0.9 S+1,9,9 tees all off the same direction (~1.1) -> our set looks like an older USGA rating; OGA is likely current. Check the printed card.
3-VERIFY-RATING,The Northwood Club,Dallas,the-northwood-club,Y,III,69.6,130,70.7,128,R-1.1 S+2,9,9 tees all off the same direction (~1.1) -> our set looks like an older USGA rating; OGA is likely current. Check the printed card.
3-VERIFY-RATING,The Northwood Club,Dallas,the-northwood-club,Y,III/IV,68.3,129,69.4,126,R-1.1 S+3,9,9 tees all off the same direction (~1.1) -> our set looks like an older USGA rating; OGA is likely current. Check the printed card.
3-VERIFY-RATING,The Northwood Club,Dallas,the-northwood-club,Y,IV,67.6,126,68.5,125,R-0.9 S+1,9,9 tees all off the same direction (~1.1) -> our set looks like an older USGA rating; OGA is likely current. Check the printed card.
3-VERIFY-RATING,The Northwood Club,Dallas,the-northwood-club,Y,IV/V,66.6,124,67.1,123,R-0.5 S+1,9,9 tees all off the same direction (~1.1) -> our set looks like an older USGA rating; OGA is likely current. Check the printed card.
3-VERIFY-RATING,The Northwood Club,Dallas,the-northwood-club,Y,V,64.7,120,65.5,120,R-0.8 S+0,9,9 tees all off the same direction (~1.1) -> our set looks like an older USGA rating; OGA is likely current. Check the printed card.
4-IGNORE,Andrews County Golf Course,Andrews,andrews-county-golf-course,Y,Blue,70.3,119,68.7,117,R+1.6 S+2,1,"Tee-name mismatch / OGA duplicate / minor re-rating (<1.5, few slope pts). Immaterial to scoring; no action needed."
4-IGNORE,Augusta Pines Golf Course,Spring,augusta-pines-golf-course,Y,Professional,74.2,132,73.6,125,R+0.6 S+7,1,"Tee-name mismatch / OGA duplicate / minor re-rating (<1.5, few slope pts). Immaterial to scoring; no action needed."
4-IGNORE,Avery Ranch Golf Club,TX,avery-ranch-golf-club,Y,Green,65.4,118,69.8,125,R-4.4 S-7,1,"Tee-name mismatch / OGA duplicate / minor re-rating (<1.5, few slope pts). Immaterial to scoring; no action needed."
4-IGNORE,Bentwater,Montgomery,bentwater,n,Blue,73.4,140,71.7,131,R+1.7 S+9,2,"Tee-name mismatch / OGA duplicate / minor re-rating (<1.5, few slope pts). Immaterial to scoring; no action needed."
4-IGNORE,Bentwater,Montgomery,bentwater,n,White,71.2,130,70,122,R+1.2 S+8,2,"Tee-name mismatch / OGA duplicate / minor re-rating (<1.5, few slope pts). Immaterial to scoring; no action needed."
4-IGNORE,Brentwood Country Club,Beaumont,brentwood-country-club,n,Blue,69.6,120,71,123,R-1.4 S-3,2,"Tee-name mismatch / OGA duplicate / minor re-rating (<1.5, few slope pts). Immaterial to scoring; no action needed."
4-IGNORE,Brentwood Country Club,Beaumont,brentwood-country-club,n,Gold,70.1,118,72.1,125,R-2.0 S-7,2,"Tee-name mismatch / OGA duplicate / minor re-rating (<1.5, few slope pts). Immaterial to scoring; no action needed."
4-IGNORE,Casa Balnca Golf Course,Laredo,casa-balnca-golf-course,n,Blue,71.4,125,72.5,125,R-1.1 S+0,1,"Tee-name mismatch / OGA duplicate / minor re-rating (<1.5, few slope pts). Immaterial to scoring; no action needed."
4-IGNORE,Cedar Creek Golf Course,San Antonio,cedar-creek-golf-course,Y,Blue,74.5,136,73.4,132,R+1.1 S+4,1,"Tee-name mismatch / OGA duplicate / minor re-rating (<1.5, few slope pts). Immaterial to scoring; no action needed."
4-IGNORE,Clarendon Country Club,Howardwick,clarendon-country-club,n,Blue,69.9,112,68.1,108,R+1.8 S+4,2,"Tee-name mismatch / OGA duplicate / minor re-rating (<1.5, few slope pts). Immaterial to scoring; no action needed."
4-IGNORE,Clarendon Country Club,Howardwick,clarendon-country-club,n,White,69.1,111,69.8,111,R-0.7 S+0,2,"Tee-name mismatch / OGA duplicate / minor re-rating (<1.5, few slope pts). Immaterial to scoring; no action needed."
4-IGNORE,Cleburne Golf Links,TX,cleburne-golf-links,Y,Black,73.7,128,73.9,140,R-0.2 S-12,3,"Tee-name mismatch / OGA duplicate / minor re-rating (<1.5, few slope pts). Immaterial to scoring; no action needed."
4-IGNORE,Cleburne Golf Links,TX,cleburne-golf-links,Y,Blue,71.8,124,71.5,133,R+0.3 S-9,3,"Tee-name mismatch / OGA duplicate / minor re-rating (<1.5, few slope pts). Immaterial to scoring; no action needed."
4-IGNORE,Cleburne Golf Links,TX,cleburne-golf-links,Y,White,69.5,117,68,118,R+1.5 S-1,3,"Tee-name mismatch / OGA duplicate / minor re-rating (<1.5, few slope pts). Immaterial to scoring; no action needed."
4-IGNORE,Corsicana Country Club,TX,corsicana-country-club,Y,Blue,72.8,136,70.1,119,R+2.7 S+17,2,"Tee-name mismatch / OGA duplicate / minor re-rating (<1.5, few slope pts). Immaterial to scoring; no action needed."
4-IGNORE,Corsicana Country Club,TX,corsicana-country-club,Y,White,71.1,135,66.2,111,R+4.9 S+24,2,"Tee-name mismatch / OGA duplicate / minor re-rating (<1.5, few slope pts). Immaterial to scoring; no action needed."
4-IGNORE,Cottonwood Creek Golf Course,Waco,cottonwood-creek-golf-course,Y,Black,69.2,125,68.3,119,R+0.9 S+6,4,"Tee-name mismatch / OGA duplicate / minor re-rating (<1.5, few slope pts). Immaterial to scoring; no action needed."
4-IGNORE,Cottonwood Creek Golf Course,Waco,cottonwood-creek-golf-course,Y,Blue,72.5,131,71.7,123,R+0.8 S+8,4,"Tee-name mismatch / OGA duplicate / minor re-rating (<1.5, few slope pts). Immaterial to scoring; no action needed."
4-IGNORE,Cottonwood Creek Golf Course,Waco,cottonwood-creek-golf-course,Y,Gold,74.1,135,74.2,125,R-0.1 S+10,4,"Tee-name mismatch / OGA duplicate / minor re-rating (<1.5, few slope pts). Immaterial to scoring; no action needed."
4-IGNORE,Cottonwood Creek Golf Course,Waco,cottonwood-creek-golf-course,Y,White,71,129,70,121,R+1.0 S+8,4,"Tee-name mismatch / OGA duplicate / minor re-rating (<1.5, few slope pts). Immaterial to scoring; no action needed."
4-IGNORE,Crossing Creeks Country Club,Longview,crossing-creeks-country-club,n,Gold,72.9,133,69.2,119,R+3.7 S+14,1,"Tee-name mismatch / OGA duplicate / minor re-rating (<1.5, few slope pts). Immaterial to scoring; no action needed."
4-IGNORE,Dallas Athletic Club (Gold),Dallas,dallas-athletic-club-2,n,Blue,73.4,138,71.5,134,R+1.9 S+4,3,"Tee-name mismatch / OGA duplicate / minor re-rating (<1.5, few slope pts). Immaterial to scoring; no action needed."
4-IGNORE,Dallas Athletic Club (Gold),Dallas,dallas-athletic-club-2,n,Red,65,115,65.8,117,R-0.8 S-2,3,"Tee-name mismatch / OGA duplicate / minor re-rating (<1.5, few slope pts). Immaterial to scoring; no action needed."
4-IGNORE,Dallas Athletic Club (Gold),Dallas,dallas-athletic-club-2,n,White,71.3,135,68.7,128,R+2.6 S+7,3,"Tee-name mismatch / OGA duplicate / minor re-rating (<1.5, few slope pts). Immaterial to scoring; no action needed."
4-IGNORE,Desert Pines Golf Course,Fort Stockton,desert-pines-golf-course,Y,Blue,72,126,70.8,114,R+1.2 S+12,1,"Tee-name mismatch / OGA duplicate / minor re-rating (<1.5, few slope pts). Immaterial to scoring; no action needed."
4-IGNORE,Eldorado Country Club,McKinney,eldorado-country-club,Y,Black,73.5,137,74.4,141,R-0.9 S-4,2,"Tee-name mismatch / OGA duplicate / minor re-rating (<1.5, few slope pts). Immaterial to scoring; no action needed."
4-IGNORE,Eldorado Country Club,McKinney,eldorado-country-club,Y,White,70.3,128,73.9,137,R-3.6 S-9,2,"Tee-name mismatch / OGA duplicate / minor re-rating (<1.5, few slope pts). Immaterial to scoring; no action needed."
4-IGNORE,Forest Creek Golf Club,TX,forest-creek-golf-club,Y,Gold,74.8,139,73.8,136,R+1.0 S+3,1,"Tee-name mismatch / OGA duplicate / minor re-rating (<1.5, few slope pts). Immaterial to scoring; no action needed."
4-IGNORE,Greatwood Golf Club,Sugar Land,greatwood-golf-club,Y,Blue,72,140,70.4,136,R+1.6 S+4,2,"Tee-name mismatch / OGA duplicate / minor re-rating (<1.5, few slope pts). Immaterial to scoring; no action needed."
4-IGNORE,Greatwood Golf Club,Sugar Land,greatwood-golf-club,Y,White,70.3,136,68.8,132,R+1.5 S+4,2,"Tee-name mismatch / OGA duplicate / minor re-rating (<1.5, few slope pts). Immaterial to scoring; no action needed."
4-IGNORE,Heron Lakes Golf Course,TX,heron-lakes-golf-course,n,Blue,67.1,109,69,113,R-1.9 S-4,1,"Tee-name mismatch / OGA duplicate / minor re-rating (<1.5, few slope pts). Immaterial to scoring; no action needed."
4-IGNORE,Hidden Creek Golf Course,Burleson,hidden-creek-golf-course,Y,Black,75,133,74.2,130,R+0.8 S+3,4,"Tee-name mismatch / OGA duplicate / minor re-rating (<1.5, few slope pts). Immaterial to scoring; no action needed."
4-IGNORE,Hidden Creek Golf Course,Burleson,hidden-creek-golf-course,Y,Blue,73,132,72.2,123,R+0.8 S+9,4,"Tee-name mismatch / OGA duplicate / minor re-rating (<1.5, few slope pts). Immaterial to scoring; no action needed."
4-IGNORE,Hidden Creek Golf Course,Burleson,hidden-creek-golf-course,Y,Red,66.7,115,71.2,124,R-4.5 S-9,4,"Tee-name mismatch / OGA duplicate / minor re-rating (<1.5, few slope pts). Immaterial to scoring; no action needed."
4-IGNORE,Hidden Creek Golf Course,Burleson,hidden-creek-golf-course,Y,White,70.1,128,69.3,114,R+0.8 S+14,4,"Tee-name mismatch / OGA duplicate / minor re-rating (<1.5, few slope pts). Immaterial to scoring; no action needed."
4-IGNORE,Hyatt Hill Country Golf Club,TX,hyatt-hill-country-golf-club,Y,Black,72.1,131,73.9,136,R-1.8 S-5,1,"Tee-name mismatch / OGA duplicate / minor re-rating (<1.5, few slope pts). Immaterial to scoring; no action needed."
4-IGNORE,Jacksboro Country Club,Jacksboro,jacksboro-country-club-2,n,Blue,68.7,117,71,112,R-2.3 S+5,2,"Tee-name mismatch / OGA duplicate / minor re-rating (<1.5, few slope pts). Immaterial to scoring; no action needed."
4-IGNORE,Jacksboro Country Club,Jacksboro,jacksboro-country-club-2,n,White,67.2,113,69.3,111,R-2.1 S+2,2,"Tee-name mismatch / OGA duplicate / minor re-rating (<1.5, few slope pts). Immaterial to scoring; no action needed."
4-IGNORE,John Pitman Golf Club,TX,john-pitman-golf-club,Y,Red,72.8,131,71.9,124,R+0.9 S+7,1,"Tee-name mismatch / OGA duplicate / minor re-rating (<1.5, few slope pts). Immaterial to scoring; no action needed."
4-IGNORE,Junction Golf Club,Junction,junction-golf-club,n,Blue,67.8,118,68.6,120,R-0.8 S-2,2,"Tee-name mismatch / OGA duplicate / minor re-rating (<1.5, few slope pts). Immaterial to scoring; no action needed."
4-IGNORE,Junction Golf Club,Junction,junction-golf-club,n,White,65,115,68.2,116,R-3.2 S-1,2,"Tee-name mismatch / OGA duplicate / minor re-rating (<1.5, few slope pts). Immaterial to scoring; no action needed."
4-IGNORE,King's Creek Country Club,Kemp,king-s-creek-country-club,Y,Blue,70.5,125,72,124,R-1.5 S+1,1,"Tee-name mismatch / OGA duplicate / minor re-rating (<1.5, few slope pts). Immaterial to scoring; no action needed."
4-IGNORE,La Cantera Golf Club,San Antonio,la-cantera-golf-club,Y,Black,73.3,135,72.5,134,R+0.8 S+1,1,"Tee-name mismatch / OGA duplicate / minor re-rating (<1.5, few slope pts). Immaterial to scoring; no action needed."
4-IGNORE,Max Starcke Park Golf Course,Seguin,max-starcke-park-golf-course,n,Blue,69.6,110,71.7,121,R-2.1 S-11,1,"Tee-name mismatch / OGA duplicate / minor re-rating (<1.5, few slope pts). Immaterial to scoring; no action needed."
4-IGNORE,Naval Air Station Golf Course,TX,naval-air-station-golf-course,n,Blue,70.6,118,70.4,114,R+0.2 S+4,1,"Tee-name mismatch / OGA duplicate / minor re-rating (<1.5, few slope pts). Immaterial to scoring; no action needed."
4-IGNORE,Oak Course,Burleson,oak-course-2,n,Gold,68.3,124,73.5,135,R-5.2 S-11,1,"Tee-name mismatch / OGA duplicate / minor re-rating (<1.5, few slope pts). Immaterial to scoring; no action needed."
4-IGNORE,Oak Grove Golf Course,TX,oak-grove-golf-course,Y,Gold,70.7,125,70.4,129,R+0.3 S-4,2,"Tee-name mismatch / OGA duplicate / minor re-rating (<1.5, few slope pts). Immaterial to scoring; no action needed."
4-IGNORE,Oak Grove Golf Course,TX,oak-grove-golf-course,Y,Green,63.8,112,66.7,109,R-2.9 S+3,2,"Tee-name mismatch / OGA duplicate / minor re-rating (<1.5, few slope pts). Immaterial to scoring; no action needed."
4-IGNORE,Omni Barton Creek Resort Fazio Foothills Course,Austin,omni-barton-creek-resort-fazio-foothills-course,Y,Red,66.7,120,70.4,123,R-3.7 S-3,1,"Tee-name mismatch / OGA duplicate / minor re-rating (<1.5, few slope pts). Immaterial to scoring; no action needed."
4-IGNORE,Palo Duro Creek Golf Course,Canyon,palo-duro-creek-golf-course,Y,Blue,71,120,69.8,112,R+1.2 S+8,2,"Tee-name mismatch / OGA duplicate / minor re-rating (<1.5, few slope pts). Immaterial to scoring; no action needed."
4-IGNORE,Palo Duro Creek Golf Course,Canyon,palo-duro-creek-golf-course,Y,White,68,119,67.6,108,R+0.4 S+11,2,"Tee-name mismatch / OGA duplicate / minor re-rating (<1.5, few slope pts). Immaterial to scoring; no action needed."
4-IGNORE,Pampa Country Club,Pampa,pampa-country-club,Y,Blue,70.7,123,69.7,115,R+1.0 S+8,1,"Tee-name mismatch / OGA duplicate / minor re-rating (<1.5, few slope pts). Immaterial to scoring; no action needed."
4-IGNORE,Pecan Course,TX,pecan-course,n,Blue,74,134,71,125,R+3.0 S+9,3,"Tee-name mismatch / OGA duplicate / minor re-rating (<1.5, few slope pts). Immaterial to scoring; no action needed."
4-IGNORE,Pecan Course,TX,pecan-course,n,Gold,68.3,120,72.4,132,R-4.1 S-12,3,"Tee-name mismatch / OGA duplicate / minor re-rating (<1.5, few slope pts). Immaterial to scoring; no action needed."
4-IGNORE,Pecan Course,TX,pecan-course,n,White,71.1,129,69,124,R+2.1 S+5,3,"Tee-name mismatch / OGA duplicate / minor re-rating (<1.5, few slope pts). Immaterial to scoring; no action needed."
4-IGNORE,Perryton Golf Club,Perryton,perryton-golf-club,Y,Blue,71.6,123,70.7,115,R+0.9 S+8,2,"Tee-name mismatch / OGA duplicate / minor re-rating (<1.5, few slope pts). Immaterial to scoring; no action needed."
4-IGNORE,Perryton Golf Club,Perryton,perryton-golf-club,Y,White,70,119,69.3,112,R+0.7 S+7,2,"Tee-name mismatch / OGA duplicate / minor re-rating (<1.5, few slope pts). Immaterial to scoring; no action needed."
4-IGNORE,Pine Forest Golf Club,Bastrop,pine-forest-golf-club,n,Blue,71.3,133,71.5,126,R-0.2 S+7,1,"Tee-name mismatch / OGA duplicate / minor re-rating (<1.5, few slope pts). Immaterial to scoring; no action needed."
4-IGNORE,Plantation Golf Club,Frisco,plantation-golf-club,Y,Blue,70,121,70.9,122,R-0.9 S-1,1,"Tee-name mismatch / OGA duplicate / minor re-rating (<1.5, few slope pts). Immaterial to scoring; no action needed."
4-IGNORE,Pleasanton Country Club,Pleasanton,pleasanton-country-club,Y,Black,64.6,106,70.4,121,R-5.8 S-15,2,"Tee-name mismatch / OGA duplicate / minor re-rating (<1.5, few slope pts). Immaterial to scoring; no action needed."
4-IGNORE,Pleasanton Country Club,Pleasanton,pleasanton-country-club,Y,Blue,71.4,125,71,121,R+0.4 S+4,2,"Tee-name mismatch / OGA duplicate / minor re-rating (<1.5, few slope pts). Immaterial to scoring; no action needed."
4-IGNORE,Plum Creek Golf Course,Kyle,plum-creek-golf-course-2,Y,Blue,69.3,123,71.3,120,R-2.0 S+3,1,"Tee-name mismatch / OGA duplicate / minor re-rating (<1.5, few slope pts). Immaterial to scoring; no action needed."
4-IGNORE,Resort Course at La Cantera,San Antonio,resort-course-at-la-cantera,Y,Black,73.3,135,72.5,134,R+0.8 S+1,1,"Tee-name mismatch / OGA duplicate / minor re-rating (<1.5, few slope pts). Immaterial to scoring; no action needed."
4-IGNORE,River Place Country Club,Austin,river-place-country-club,Y,Black,72.1,139,72,128,R+0.1 S+11,1,"Tee-name mismatch / OGA duplicate / minor re-rating (<1.5, few slope pts). Immaterial to scoring; no action needed."
4-IGNORE,San Antonio Country Club,TX,san-antonio-country-club,Y,Blue,71,128,70.5,130,R+0.5 S-2,1,"Tee-name mismatch / OGA duplicate / minor re-rating (<1.5, few slope pts). Immaterial to scoring; no action needed."
4-IGNORE,San Saba River Golf Course,san saba,san-saba-river-golf-course,Y,Blue,73.2,121,72.5,119,R+0.7 S+2,3,"Tee-name mismatch / OGA duplicate / minor re-rating (<1.5, few slope pts). Immaterial to scoring; no action needed."
4-IGNORE,San Saba River Golf Course,san saba,san-saba-river-golf-course,Y,Gold,66.4,108,69.5,111,R-3.1 S-3,3,"Tee-name mismatch / OGA duplicate / minor re-rating (<1.5, few slope pts). Immaterial to scoring; no action needed."
4-IGNORE,San Saba River Golf Course,san saba,san-saba-river-golf-course,Y,White,70.6,118,70.5,113,R+0.1 S+5,3,"Tee-name mismatch / OGA duplicate / minor re-rating (<1.5, few slope pts). Immaterial to scoring; no action needed."
4-IGNORE,Shadow Hawk Golf Club,Richmond,shadow-hawk-golf-club,Y,Hawk,75.6,139,74.7,133,R+0.9 S+6,1,"Tee-name mismatch / OGA duplicate / minor re-rating (<1.5, few slope pts). Immaterial to scoring; no action needed."
4-IGNORE,Shadow Hills Golf Course,Lubbock,shadow-hills-golf-course,Y,Blue,73.4,126,71.2,113,R+2.2 S+13,2,"Tee-name mismatch / OGA duplicate / minor re-rating (<1.5, few slope pts). Immaterial to scoring; no action needed."
4-IGNORE,Shadow Hills Golf Course,Lubbock,shadow-hills-golf-course,Y,White,71.4,120,69.8,113,R+1.6 S+7,2,"Tee-name mismatch / OGA duplicate / minor re-rating (<1.5, few slope pts). Immaterial to scoring; no action needed."
4-IGNORE,Shary Municipal Golf Course,Mission,shary-municipal-golf-course,n,Blue,66.9,112,69.9,118,R-3.0 S-6,2,"Tee-name mismatch / OGA duplicate / minor re-rating (<1.5, few slope pts). Immaterial to scoring; no action needed."
4-IGNORE,Shary Municipal Golf Course,Mission,shary-municipal-golf-course,n,White,65.6,110,68.2,115,R-2.6 S-5,2,"Tee-name mismatch / OGA duplicate / minor re-rating (<1.5, few slope pts). Immaterial to scoring; no action needed."
4-IGNORE,South Padre Island Golf Club,TX,south-padre-island-golf-club,Y,Black,74,130,72.8,130,R+1.2 S+0,4,"Tee-name mismatch / OGA duplicate / minor re-rating (<1.5, few slope pts). Immaterial to scoring; no action needed."
4-IGNORE,South Padre Island Golf Club,TX,south-padre-island-golf-club,Y,Gold,62.4,97,62.2,106,R+0.2 S-9,4,"Tee-name mismatch / OGA duplicate / minor re-rating (<1.5, few slope pts). Immaterial to scoring; no action needed."
4-IGNORE,South Padre Island Golf Club,TX,south-padre-island-golf-club,Y,Red,65.9,112,66.7,114,R-0.8 S-2,4,"Tee-name mismatch / OGA duplicate / minor re-rating (<1.5, few slope pts). Immaterial to scoring; no action needed."
4-IGNORE,South Padre Island Golf Club,TX,south-padre-island-golf-club,Y,White,69.7,122,67.6,121,R+2.1 S+1,4,"Tee-name mismatch / OGA duplicate / minor re-rating (<1.5, few slope pts). Immaterial to scoring; no action needed."
4-IGNORE,Stonetree Golf Club,TX,stonetree-golf-club,Y,Blue,72.7,129,70.3,123,R+2.4 S+6,3,"Tee-name mismatch / OGA duplicate / minor re-rating (<1.5, few slope pts). Immaterial to scoring; no action needed."
4-IGNORE,Stonetree Golf Club,TX,stonetree-golf-club,Y,Gold,68.6,122,73.5,129,R-4.9 S-7,3,"Tee-name mismatch / OGA duplicate / minor re-rating (<1.5, few slope pts). Immaterial to scoring; no action needed."
4-IGNORE,Stonetree Golf Club,TX,stonetree-golf-club,Y,White,70.7,125,68.4,120,R+2.3 S+5,3,"Tee-name mismatch / OGA duplicate / minor re-rating (<1.5, few slope pts). Immaterial to scoring; no action needed."
4-IGNORE,Summit Rock,TX,summit-rock,n,Bear,75.3,147,75.9,150,R-0.6 S-3,2,"Tee-name mismatch / OGA duplicate / minor re-rating (<1.5, few slope pts). Immaterial to scoring; no action needed."
4-IGNORE,Summit Rock,TX,summit-rock,n,Member,70,132,69.8,136,R+0.2 S-4,2,"Tee-name mismatch / OGA duplicate / minor re-rating (<1.5, few slope pts). Immaterial to scoring; no action needed."
4-IGNORE,Sweetwater Country Club,Sugar Land,sweetwater-country-club-2,Y,Blue,70,118,74.5,131,R-4.5 S-13,2,"Tee-name mismatch / OGA duplicate / minor re-rating (<1.5, few slope pts). Immaterial to scoring; no action needed."
4-IGNORE,Sweetwater Country Club,Sugar Land,sweetwater-country-club-2,Y,White,68.6,115,70.7,126,R-2.1 S-11,2,"Tee-name mismatch / OGA duplicate / minor re-rating (<1.5, few slope pts). Immaterial to scoring; no action needed."
4-IGNORE,The Club at Sonterra North Course,San Antonio,the-club-at-sonterra-north-course,Y,Blue,72.5,136,73.2,135,R-0.7 S+1,2,"Tee-name mismatch / OGA duplicate / minor re-rating (<1.5, few slope pts). Immaterial to scoring; no action needed."
4-IGNORE,The Club at Sonterra North Course,San Antonio,the-club-at-sonterra-north-course,Y,White,70.1,130,70.9,133,R-0.8 S-3,2,"Tee-name mismatch / OGA duplicate / minor re-rating (<1.5, few slope pts). Immaterial to scoring; no action needed."
4-IGNORE,The Hideout,Brownwood,the-hideout,Y,Blue,71.7,129,72.1,137,R-0.4 S-8,4,"Tee-name mismatch / OGA duplicate / minor re-rating (<1.5, few slope pts). Immaterial to scoring; no action needed."
4-IGNORE,The Hideout,Brownwood,the-hideout,Y,Gold,73.7,131,74.3,139,R-0.6 S-8,4,"Tee-name mismatch / OGA duplicate / minor re-rating (<1.5, few slope pts). Immaterial to scoring; no action needed."
4-IGNORE,The Hideout,Brownwood,the-hideout,Y,Red,66.7,117,66.6,121,R+0.1 S-4,4,"Tee-name mismatch / OGA duplicate / minor re-rating (<1.5, few slope pts). Immaterial to scoring; no action needed."
4-IGNORE,The Hideout,Brownwood,the-hideout,Y,White,69.7,124,70.2,131,R-0.5 S-7,4,"Tee-name mismatch / OGA duplicate / minor re-rating (<1.5, few slope pts). Immaterial to scoring; no action needed."
4-IGNORE,The Links Course at The Odessa Country Club,TX,the-links-course-at-the-odessa-country-club,n,Black,71.2,120,72.5,123,R-1.3 S-3,3,"Tee-name mismatch / OGA duplicate / minor re-rating (<1.5, few slope pts). Immaterial to scoring; no action needed."
4-IGNORE,The Links Course at The Odessa Country Club,TX,the-links-course-at-the-odessa-country-club,n,Blue,70.1,116,69.9,121,R+0.2 S-5,3,"Tee-name mismatch / OGA duplicate / minor re-rating (<1.5, few slope pts). Immaterial to scoring; no action needed."
4-IGNORE,The Links Course at The Odessa Country Club,TX,the-links-course-at-the-odessa-country-club,n,White,67.7,114,68.4,115,R-0.7 S-1,3,"Tee-name mismatch / OGA duplicate / minor re-rating (<1.5, few slope pts). Immaterial to scoring; no action needed."
